"Site","Tag","Species","Family","WSG","HOM","DBH","Ht","Notes","ID","AIC1","AIC2","AIC3","AIC4","AIC5","range.iso","b1.hom","b1.iso","range.hom","iso"
"AMA","0C0044","Rollinia amazonica","Annonaceae",0.580148637239165,4.17,50.5,32.6,"","AMA-0C0044",TRUE,TRUE,TRUE,FALSE,FALSE,3.46725046273835,0.027511697003586,0.0349943827428457,2.10000755684066,0.988312537947245
"AMA","0Q0429","Guatteria puncticulata","Annonaceae",0.54,2.43,59.2,33.6,"","AMA-0Q0429",FALSE,FALSE,FALSE,FALSE,TRUE,0.8585735407041,0.0479368071046597,0.0638935095694847,0.645559768645276,0.982996819992049
"AMA","0U0478","Guatteria puncticulata","Annonaceae",0.54,1.65,52,25,"","AMA-0U0478",TRUE,FALSE,TRUE,FALSE,FALSE,3.33524469899015,0.0517967762249369,0.0517967762249369,3.33524469899015,0.983029591511028
"AMA","0H0243","Rollinia amazonica","Annonaceae",0.580148637239165,2.8,60.3,32.7,"","AMA-0H0243",TRUE,FALSE,TRUE,FALSE,FALSE,3.3343716396,0.0336158852918842,0.0336158852918842,3.3343716396,0.980990303387267
"AMA","0Y0074","Aspidosperma excelsum","Apocynaceae",0.563472333887043,2.5,42.8,25.8,"","AMA-0Y0074",TRUE,FALSE,TRUE,FALSE,FALSE,2.0529940027911,0.0826616298458375,0.118473527011358,1.83224226322496,0.828173400731146
"AMA","0N0280","Tetragastris panamensis","Burseraceae",0.717333,4.34,60.5,28.4,"","AMA-0N0280",TRUE,FALSE,TRUE,FALSE,FALSE,0.430001152935484,-0.0313131553857817,-0.0313131553857817,0.430001152935484,0.957441735196499
"AMA","0K0395","Dendrobangia multinervia","Cardiopteridaceae",0.635333,2.08,41.1,30.43,"with 0K0394","AMA-0K0395",NA,NA,NA,NA,NA,NA,NA,NA,NA,NA
"AMA","0D0203","Licania micrantha","Chrysobalanaceae",0.836,1.53,49.1,35,"","AMA-0D0203",TRUE,FALSE,TRUE,FALSE,FALSE,3.54597007814446,0.0829920683511352,0.0649427623764442,2.90576292592885,0.968736292521145
"AMA","0D0136","Licania longistyla","Chrysobalanaceae",0.809515,5.67,66.5,34.4,"","AMA-0D0136",NA,NA,NA,NA,NA,NA,NA,NA,NA,NA
"AMA","0K0217","Mahurea exstipulata","Clusiaceae",0.628382972012917,3.4,94.9,26.8,"","AMA-0K0217",TRUE,FALSE,TRUE,FALSE,FALSE,3.33567323189024,0.0353169816036321,0.0353169816036321,3.33567323189024,0.883383096039641
"AMA","0N0014","Sloanea floribunda","Elaeocarpaceae",0.624723,4.22,77.2,33.03,"","AMA-0N0014",TRUE,FALSE,TRUE,FALSE,FALSE,2.68843180866078,0.0152638445570747,0.0152638445570747,2.68843180866078,0.961188529602901
"AMA","0I0106","Sloanea sp.2","Elaeocarpaceae",0.586179827715356,1.82,23,19.03,"","AMA-0I0106",TRUE,FALSE,TRUE,FALSE,FALSE,1.07493864437949,0.00651559521670773,0.00651559521670773,1.07493864437949,0.97271991266583
"AMA","0C0178","Sloanea guianensis","Elaeocarpaceae",0.8212,7.17,62.2,35.6,"","AMA-0C0178",TRUE,FALSE,TRUE,FALSE,FALSE,2.45044194716779,0.025818977430103,0.00935222918414113,2.09886774804348,0.922261228413846
"AMA","0H0016","Sloanea guianensis","Elaeocarpaceae",0.8212,6.34,75.8,34.6,"","AMA-0H0016",TRUE,FALSE,FALSE,FALSE,FALSE,0.215058616190476,-0.0179915464744207,-0.0179915464744207,0.215058616190476,0.946994444955438
"AMA","0O0573","Sapium sp.1","Euphorbiaceae",0.458469198435973,3.37,31,29.43,"","AMA-0O0573",TRUE,FALSE,TRUE,FALSE,FALSE,3.55035158924124,0.0168177264794955,0.0286367385688205,2.79499741265217,0.982529081122974
"AMA","0O0175","Campsiandra comosa","Fabaceae",0.691390843283582,3.11,36.828,24.03,"","AMA-0O0175",TRUE,FALSE,TRUE,TRUE,FALSE,3.32506573947368,0.0242480291462056,0.0511277499032017,1.2900110220339,0.970649916370733
"AMA","0R0237","Vataireopsis iglesiasii","Fabaceae",0.691390843283582,4.05,85,39.83,"","AMA-0R0237",FALSE,FALSE,FALSE,FALSE,TRUE,1.07495153036583,0.0356056628783683,0.0356056628783683,1.07495153036583,0.979872512917766
"AMA","0H0547","Cedrelinga cateniformis","Fabaceae",0.5038,1.96,81.424,36.63,"","AMA-0H0547",TRUE,FALSE,TRUE,FALSE,FALSE,2.4749606799812,0.0400449800477489,0.0400449800477489,2.4749606799812,0.94313158144544
"AMA","0W0280","Dicorynia paraensis","Fabaceae",0.691390843283582,3.2,39.8,31.83,"","AMA-0W0280",TRUE,TRUE,TRUE,FALSE,FALSE,2.47231800071237,0.0398362587874279,0.0398362587874279,2.47231800071237,0.966239841649109
"AMA","0T0188","Crudia glaberrima","Fabaceae-caesalpinioideae",0.653866477958237,4.52,79.5,28.43,"","AMA-0T0188",NA,NA,NA,NA,NA,NA,NA,NA,NA,NA
"AMA","0M0104","Dialium guianense","Fabaceae-caesalpinioideae",0.896385,3.37,71.4,30.43,"","AMA-0M0104",TRUE,FALSE,TRUE,FALSE,FALSE,3.33323649501611,-0.0171752576019573,0.000450595740333722,2.36494936235354,0.938578624957937
"AMA","0R0070","Dialium guianense","Fabaceae-caesalpinioideae",0.896385,3.55,34.409,26.43,"","AMA-0R0070",TRUE,FALSE,TRUE,FALSE,FALSE,3.12113441705882,0.00378010134946862,0.0307027048614944,1.93499565036652,0.986318667950621
"AMA","0U0057","Tachigali sp.3","Fabaceae-caesalpinioideae",0.653866477958237,4.5,68,33.83,"","AMA-0U0057",TRUE,FALSE,TRUE,FALSE,FALSE,2.57999939297297,0.0203479806549117,0.0256761879772751,1.93497764826667,0.949758659787843
"AMA","0U0536","Abarema jupunba","Fabaceae-mimosoideae",0.585143,1.8,69.5,35.4,"","AMA-0U0536",TRUE,FALSE,TRUE,FALSE,FALSE,2.25809768501761,0.0529070630147047,0.0529070630147047,2.25809768501761,0.9538498144727
"AMA","0V0330","Parkia multijuga","Fabaceae-mimosoideae",0.399,3.208,89.3,37.2,"","AMA-0V0330",TRUE,FALSE,TRUE,FALSE,FALSE,3.33282513277968,0.0114150996421877,0.0114150996421877,3.33282513277968,0.976592516023989
"AMA","0X0089","Parkia multijuga","Fabaceae-mimosoideae",0.399,3.36,88.1,34.6,"","AMA-0X0089",TRUE,FALSE,TRUE,FALSE,FALSE,3.33439537886861,0.00265867740775902,0.00265867740775902,3.33439537886861,0.988096478445285
"AMA","0G0380","Parkia multijuga","Fabaceae-mimosoideae",0.399,2.71,77,35.23,"","AMA-0G0380",TRUE,FALSE,TRUE,FALSE,FALSE,2.04422272722705,0.0064203165392394,0.0064203165392394,2.04422272722705,0.95540805970872
"AMA","0N0353","Parkia multijuga","Fabaceae-mimosoideae",0.399,3.63,76.4,32.43,"","AMA-0N0353",TRUE,FALSE,TRUE,FALSE,FALSE,3.54857948900383,0.0222639160881638,0.0229285402850682,3.33426484370927,0.981281175235411
"AMA","0R0454","Dipteryx magnifica","Fabaceae-papilionoideae",0.678611364167478,4.28,65.9,34.23,"","AMA-0R0454",TRUE,FALSE,TRUE,FALSE,FALSE,2.79504995587662,0.0052688032053505,0.0052688032053505,2.79504995587662,0.979337953928409
"AMA","0R0201","Swartzia oraria","Fabaceae-papilionoideae",0.678611364167478,4.35,40.2,24.83,"","AMA-0R0201",TRUE,TRUE,TRUE,FALSE,FALSE,3.54855880225256,0.032402869507244,0.0496516114241225,1.28993332921053,0.827844974173617
"AMA","0E0541","Vitex orinocensis","Lamiaceae",0.526667,6.48,82.5,27.03,"","AMA-0E0541",NA,NA,NA,NA,NA,NA,NA,NA,NA,NA
"AMA","0O0391","Vitex orinocensis","Lamiaceae",0.526667,3.89,66.2,25.43,"","AMA-0O0391",TRUE,FALSE,FALSE,FALSE,FALSE,3.55301262370739,0.0312514573395157,0.0567583458472131,2.04348199130325,0.910688260514926
"AMA","0B0279","Eschweilera coriacea","Lecythidaceae",0.852083,4.62,29.7,23,"","AMA-0B0279",TRUE,TRUE,TRUE,FALSE,FALSE,3.46815823690344,-0.009430932917978,0.054532950040286,1.88999166613267,0.95902981964303
"AMA","0D0527","Eschweilera coriacea","Lecythidaceae",0.852083,1.97,34.4,24.43,"","AMA-0D0527",TRUE,TRUE,TRUE,FALSE,FALSE,2.26001981753253,0.0500894612743657,0.0460323459509963,1.8333060305258,0.965196235561424
"AMA","0T0248","Eschweilera coriacea","Lecythidaceae",0.852083,3.05,31.8,27.23,"","AMA-0T0248",TRUE,TRUE,TRUE,FALSE,FALSE,3.3339246134399,0.0333838809176157,0.0486081577314701,2.69452068167112,0.976466048296243
"AMA","0G0189","Eschweilera coriacea","Lecythidaceae",0.852083,3.65,38.5,25.6,"","AMA-0G0189",TRUE,FALSE,TRUE,FALSE,FALSE,1.5050072503576,0.0189007393113281,0.00855081906068506,1.07503541603625,0.9744781008522
"AMA","0H0400","Eschweilera coriacea","Lecythidaceae",0.852083,3.75,64.4,33.83,"with 0H0401","AMA-0H0400",TRUE,FALSE,TRUE,FALSE,FALSE,1.82772361144818,0.00863378284011565,0.0515310279475205,0.429988208698413,0.950063668488024
"AMA","0Q0190","Eschweilera coriacea","Lecythidaceae",0.852083,3.57,28.6,19.43,"","AMA-0Q0190",FALSE,FALSE,FALSE,TRUE,FALSE,1.50495273571611,0.0381816854452786,0.0381816854452786,1.50495273571611,0.946882148273234
"AMA","0C0258","Eschweilera coriacea","Lecythidaceae",0.852083,4.95,43.1,24.63,"","AMA-0C0258",TRUE,FALSE,TRUE,FALSE,FALSE,3.35334552080618,-0.00363040977361498,0.017473015140353,3.15066418896029,0.954962241011326
"AMA","0M0030","Eschweilera itayensis","Lecythidaceae",0.828119,4.1,61.434,32.23,"","AMA-0M0030",TRUE,TRUE,TRUE,FALSE,FALSE,2.90196330023471,0.025059787179349,0.0224530717527436,0.430055684102674,0.955746809095165
"AMA","0L0502","Eschweilera coriacea","Lecythidaceae",0.852083,3.54,57.5,21.6,"","AMA-0L0502",TRUE,FALSE,TRUE,FALSE,FALSE,2.68908169347962,0.0434702074257215,0.0434702074257215,2.68908169347962,0.946036238714152
"AMA","0A0212","Eschweilera coriacea","Lecythidaceae",0.852083,5.26,43.1,28.23,"","AMA-0A0212",TRUE,FALSE,TRUE,FALSE,FALSE,1.68011194944149,-0.0148553743162729,0.00527124039364912,0.630080872916667,0.955331455056388
"AMA","0S0264","Eschweilera coriacea","Lecythidaceae",0.852083,4,48,26.83,"","AMA-0S0264",TRUE,FALSE,TRUE,FALSE,FALSE,1.93503636100108,-0.0392330932481997,-0.0273043193794139,1.72002123606061,0.935528202371979
"AMA","0U0359","Eschweilera coriacea","Lecythidaceae",0.852083,3.6,30.9,19.03,"","AMA-0U0359",NA,NA,NA,NA,NA,NA,NA,NA,NA,NA
"AMA","0S0081","Eschweilera itayensis","Lecythidaceae",0.828119,3.1,81,32.6,"","AMA-0S0081",TRUE,FALSE,TRUE,FALSE,FALSE,1.7199988824354,0.0500029195821274,0.0500029195821274,1.7199988824354,0.907939206443876
"AMA","0G0372","Eschweilera coriacea","Lecythidaceae",0.852083,2.42,46.6,35.23,"","AMA-0G0372",TRUE,TRUE,TRUE,FALSE,FALSE,3.54943825477444,0.0308215337805803,0.0308215337805803,3.54943825477444,0.958355228924229
"AMA","0N0151","Eschweilera itayensis","Lecythidaceae",0.828119,5.99,68.8,28.43,"Interrupted by rain- finished later","AMA-0N0151",FALSE,FALSE,TRUE,FALSE,FALSE,0,0.128883034364834,0.128883034364834,0,0.896124469402713
"AMA","0P0408","Eschweilera itayensis","Lecythidaceae",0.828119,3.05,46.059,24.8,"","AMA-0P0408",TRUE,FALSE,TRUE,FALSE,FALSE,3.551887386507,0.0460667993967507,0.0455745533301137,3.33512059547826,0.963011126301064
"AMA","0C0130","Eschweilera gigantea","Lecythidaceae",0.78,5.05,51.3,35.8,"","AMA-0C0130",NA,NA,NA,NA,NA,NA,NA,NA,NA,NA
"AMA","0M0513","Eschweilera gigantea","Lecythidaceae",0.78,2.08,45.3,35.83,"Leaning ~ 45 degrees","AMA-0M0513",TRUE,TRUE,TRUE,TRUE,FALSE,3.54968594020008,0.0297321856905199,0.0324073864787651,3.12021635985994,0.976818867300236
"AMA","0V0062","Eschweilera itayensis","Lecythidaceae",0.828119,4.2,82,33.23,"","AMA-0V0062",TRUE,FALSE,TRUE,FALSE,FALSE,2.14995672201002,0.00251862884891648,0.00307520915695481,1.93495219151935,0.916642494526956
"AMA","0T0368","Eschweilera itayensis","Lecythidaceae",0.828119,2.05,46.8,27.03,"","AMA-0T0368",TRUE,FALSE,TRUE,FALSE,FALSE,3.33401557779348,0.027608020292754,0.0268163006084996,2.90458423129545,0.982175529663803
"AMA","0F0468","Eschweilera coriacea","Lecythidaceae",0.852083,4.51,35,20.03,"","AMA-0F0468",TRUE,FALSE,TRUE,FALSE,FALSE,3.33317002458686,0.227164231463698,0.0179238479783669,0,0.931515983301897
"AMA","0I0439","Eschweilera coriacea","Lecythidaceae",0.852083,3.25,35.7,25.43,"","AMA-0I0439",FALSE,FALSE,FALSE,TRUE,FALSE,0.645011970041051,-0.0234970426859169,-0.0234970426859169,0.645011970041051,0.984477143755034
"AMA","0N0413","Eschweilera coriacea","Lecythidaceae",0.852083,2.91,34.3,24.83,"","AMA-0N0413",TRUE,FALSE,TRUE,TRUE,FALSE,3.55090307366251,0.0271922132291489,0.0557520899624366,2.14998884752137,0.970187257474997
"AMA","0Q0327","Eschweilera coriacea","Lecythidaceae",0.852083,2.25,34.3,24.03,"","AMA-0Q0327",TRUE,TRUE,TRUE,FALSE,FALSE,1.83054155972493,0.0313194631979109,0.0313194631979109,1.83054155972493,0.967971153691178
"AMA","0D0083","Eschweilera rufifolia","Lecythidaceae",0.828119,4.36,43.7,29.7,"","AMA-0D0083",TRUE,FALSE,TRUE,FALSE,FALSE,3.55126898127184,0.0173875197893609,0.0234907308627369,3.12212746892279,0.965312813547962
"AMA","0A0037","Apeiba tibourbou","Malvaceae",0.2,1.95,49.083,20,"","AMA-0A0037",TRUE,FALSE,TRUE,FALSE,FALSE,1.18621851735011,-0.0649340563506949,0.00398296164663802,0.214992160093071,0.733744980572162
"AMA","0Q0301","Pachira insignis","Malvaceae",0.384,2.2,60.9,28.43,"","AMA-0Q0301",TRUE,FALSE,TRUE,FALSE,FALSE,2.47518203748989,0.0702994211746747,0.0702994211746747,2.47518203748989,0.98842483833459
"AMA","0D0369","Sterculia apeibophylla","Malvaceae",0.47,5.68,40.3,24.6,"","AMA-0D0369",NA,NA,NA,NA,NA,NA,NA,NA,NA,NA
"AMA","0K0110","Mollia gracilis","Malvaceae",0.49,2.338,42.717,29.03,"","AMA-0K0110",FALSE,FALSE,FALSE,FALSE,TRUE,1.39145435331866,-0.0580842097007492,0.10699326201339,0.645029712617395,0.933558541752947
"AMA","0S0029","Ceiba pentandra","Malvaceae",0.305149,3.6,77.3,33.63,"","AMA-0S0029",TRUE,FALSE,TRUE,FALSE,FALSE,3.12160125541975,0.0424588761280705,0.0424588761280705,3.12160125541975,0.931401549429966
"AMA","0G0566","Guarea trunciflora","Meliaceae",0.560551,5.88,54.3,24.43,"","AMA-0G0566",FALSE,FALSE,FALSE,FALSE,TRUE,2.26465094688609,0.0114410934671839,0.0495202935407647,0.214820492148394,0.971797207305027
"AMA","0L0291","Brosimum parinarioides","Moraceae",0.630625,1.52,83.2,37.23,"","AMA-0L0291",TRUE,FALSE,TRUE,FALSE,FALSE,3.33533053810227,0.0145021033480146,0.0145021033480146,3.33533053810227,0.983469752775809
"AMA","0W0197","Brosimum lactescens","Moraceae",0.6556,1.75,36.732,18.63,"","AMA-0W0197",TRUE,FALSE,FALSE,FALSE,FALSE,2.9069806878736,0.085975777219992,0.085975777219992,2.9069806878736,0.972477917713758
"AMA","0C0486","Pseudolmedia laevis","Moraceae",0.618444,1.72,32.627,24.63,"","AMA-0C0486",TRUE,FALSE,TRUE,FALSE,FALSE,1.60809313465158,0.0918385518029581,0.103243720919031,1.18818378673557,0.967778720918616
"AMA","0W0444","Sorocea steinbachii","Moraceae",0.608333,2.9,27.6,19.03,"","AMA-0W0444",TRUE,TRUE,TRUE,FALSE,FALSE,1.72000551104167,0.0941302574444375,0.0941302574444375,1.72000551104167,0.903771820391539
"AMA","0O0051","Pseudolmedia laevis","Moraceae",0.618444,2.32,51.6,31.2,"","AMA-0O0051",FALSE,FALSE,TRUE,FALSE,FALSE,0.215000809117125,0.0126131591051733,0.0126131591051733,0.215000809117125,0.967094128347597
"AMA","0D0001","Castilla ulei","Moraceae",0.437,1.73,36.9,23.83,"","AMA-0D0001",TRUE,FALSE,TRUE,FALSE,FALSE,3.55107737153704,0.0350478270007211,0.0338791282120236,3.33725937939796,0.986722767006913
"AMA","0K0261","Pseudolmedia laevis","Moraceae",0.618444,2.44,44.9,34.23,"","AMA-0K0261",TRUE,FALSE,TRUE,FALSE,FALSE,2.69020349926614,0.0694745314072996,0.0694745314072996,2.69020349926614,0.920946746678839
"AMA","0M0451","Brosimum potabile","Moraceae",0.530615171460801,1.51,59.59,29.6,"","AMA-0M0451",TRUE,TRUE,TRUE,FALSE,FALSE,3.33487442592622,0.037997495290058,0.037997495290058,3.33487442592622,0.987785027462126
"AMA","0K0486","Virola pavonis","Myristicaceae",0.586667,3.27,30.3,25.83,"","AMA-0K0486",TRUE,FALSE,TRUE,FALSE,FALSE,2.20702540110329,0.0216554465434993,0.0234158647902528,1.99739444520513,0.960259240874028
"AMA","0W0568","Virola pavonis","Myristicaceae",0.586667,1.69,28.266,23.03,"","AMA-0W0568",TRUE,FALSE,TRUE,FALSE,FALSE,1.61006676838949,0.0622907556618247,0.0888104385046638,1.2900034116342,0.962015129643169
"AMA","0Y0610","Virola pavonis","Myristicaceae",0.586667,2.17,35.3,24.23,"","AMA-0Y0610",TRUE,FALSE,TRUE,FALSE,FALSE,3.12011908960256,0.0386658449843021,0.0446563135712838,2.68998784386956,0.966190990183613
"AMA","0C0543","Osteophloeum platyspermum","Myristicaceae",0.465857,5.42,57.232,34.6,"","AMA-0C0543",TRUE,FALSE,TRUE,FALSE,FALSE,1.93507588915465,0.0141693763157098,0.015628684933543,1.28993672729701,0.936861944077274
"AMA","0P0015","Virola pavonis","Myristicaceae",0.586667,2.35,47.2,29.23,"","AMA-0P0015",TRUE,FALSE,TRUE,FALSE,FALSE,2.90457266588756,0.0168749258359864,0.0168749258359864,2.90457266588756,0.933432394197455
"AMA","0K0516","Virola duckei","Myristicaceae",0.473016,3.84,60.2,33.43,"","AMA-0K0516",TRUE,TRUE,TRUE,FALSE,FALSE,3.33366856456612,0.0364777120108456,0.0364777120108456,3.33366856456612,0.964090556999582
"AMA","0E0400","Iryanthera laevis","Myristicaceae",0.615,6.22,49.465,21.63,"","AMA-0E0400",TRUE,FALSE,TRUE,FALSE,FALSE,3.22500636447312,0.012858640570321,0.0144407545980659,1.93499962497312,0.929546324588856
"AMA","0I0429","Minquartia guianensis","Olacaceae",0.786714,2.32,25.3,17.43,"Missing tag","AMA-0I0429",TRUE,FALSE,TRUE,FALSE,TRUE,2.47199414947115,0.00246790922730476,0.0954549141514597,1.29001648194079,0.96526123659718
"AMA","0O0210","Minquartia guianensis","Olacaceae",0.786714,2.75,26.4,16.83,"","AMA-0O0210",FALSE,FALSE,FALSE,FALSE,TRUE,0.973076219323362,-0.0163454649198277,0.0657432005862517,0.645037312092593,0.96653047958998
"AMA","0N0571","Richeria sp.","Phyllanthaceae",0.612984479564033,1.6,57.4,32,"","AMA-0N0571",TRUE,FALSE,TRUE,FALSE,FALSE,1.61420323744031,0.0508324369691229,0.0508324369691229,1.61420323744031,0.961076291008214
"AMA","0A0236","Chimarrhis glabriflora","Rubiaceae",0.7115,1.85,31,29,"","AMA-0A0236",TRUE,TRUE,TRUE,FALSE,FALSE,2.20971176296537,0.032483321004067,0.032483321004067,2.20971176296537,0.951687970669086
"AMA","0K0394","Faramea glandulosa","Rubiaceae",0.587889,2.39,21.5,16.03,"with 0K0395","AMA-0K0394",TRUE,FALSE,FALSE,FALSE,FALSE,3.11939344337782,0.0586306182821855,0.0586306182821855,3.11939344337782,0.942084678558393
"AMA","0D0476","Meliosma sp.","Sabiaceae",0.495942955223881,4.8,53,34.63,"","AMA-0D0476",TRUE,TRUE,TRUE,FALSE,FALSE,1.93323122296189,0.112945548373632,0.0297915557202298,0.21049653547722,0.952768529448318
"AMA","0J0498","Banara nitida","Salicaceae",0.6015,3.53,35.9,21.8,"","AMA-0J0498",TRUE,FALSE,TRUE,FALSE,FALSE,3.54983229486932,0.0549119097666271,0.0536755790118557,2.90142074578479,0.920552929784169
"AMA","0K0378","Pouteria williamii","Sapotaceae",0.714372,1.7,22.5,21.43,"","AMA-0K0378",TRUE,FALSE,TRUE,FALSE,FALSE,2.2635524178979,0.109849577582035,0.109849577582035,2.2635524178979,0.967129834297492
"AMA","0N0277","Micropholis sp.1","Sapotaceae",0.705353925143954,3.63,44.2,28.6,"","AMA-0N0277",TRUE,FALSE,TRUE,FALSE,FALSE,3.55022236476691,0.00496135026946301,0.0260978986114033,3.01004182292464,0.956603979984393
"AMA","0I0276","Pouteria cladantha","Sapotaceae",0.942333,1.69,31.1,24.2,"","AMA-0I0276",TRUE,FALSE,TRUE,FALSE,FALSE,2.9060367623547,0.0640456600836012,0.0640456600836012,2.9060367623547,0.931997819633581
"AMA","0Y0252","Pouteria guianensis","Sapotaceae",0.9295,3.8,53.4,25.83,"","AMA-0Y0252",TRUE,FALSE,TRUE,FALSE,FALSE,2.25997491157651,0.0602023551079384,0.0371395799552275,0.859963286743256,0.91868422231282
"AMA","0D0392","Pouteria baehniana","Sapotaceae",0.714372,1.6,51.2,24.43,"","AMA-0D0392",TRUE,FALSE,TRUE,FALSE,FALSE,3.33106704130912,0.0692821112740453,0.0692821112740453,3.33106704130912,0.946425009672734
"AMA","0Q0007","Unidentified sp.5","Unknown",0.609402410462777,4.14,53.5,31.8,"","AMA-0Q0007",TRUE,FALSE,TRUE,FALSE,FALSE,2.90659450165151,-0.0584152400636225,-0.0266891593216515,1.504966489,0.961138441395356
"AMA","0M0515","Pourouma minor","Urticaceae",0.436,3.48,85.5,28.03,"","AMA-0M0515",TRUE,FALSE,TRUE,FALSE,FALSE,3.33451109381313,0.0242362546299402,0.0242362546299402,3.33451109381313,0.954529593474619
"AMA","0H0401","Cecropia sciadophylla","Urticaceae",0.386857,1.65,18.939,26.43,"with 0H0400","AMA-0H0401",TRUE,FALSE,TRUE,FALSE,FALSE,3.32936716973422,0.108889254640875,0.108889254640875,3.32936716973422,0.970162085716084
"AMA","0E0431","Pourouma minor","Urticaceae",0.436,3.9,38.2,24,"","AMA-0E0431",TRUE,FALSE,TRUE,FALSE,FALSE,3.55023459582459,-0.00403946022500589,0.00643420450608482,2.36501744593074,0.98006801074339
"BCI","4934","alchco","Euphorbiaceae",0.301,3.200000048,80.9,32.3,"","BCI-4934",TRUE,FALSE,TRUE,FALSE,FALSE,2.47857920719661,0.0176132124629235,0.0584018887704422,0.860021900308885,0.738164075835436
"BCI","6554","alsebl","Rubiaceae",0.536,3,30.2,17.1,"stem forks at top","BCI-6554",NA,NA,NA,NA,NA,NA,NA,NA,NA,NA
"BCI","5227","alsebl","Rubiaceae",0.536,3.6,33.8,24,"","BCI-5227",NA,NA,NA,NA,NA,NA,NA,NA,NA,NA
"BCI","359","alsebl","Rubiaceae",0.536,3.400000095,48.1,24.7,"","BCI-359",NA,NA,NA,NA,NA,NA,NA,NA,NA,NA
"BCI","7577","alsebl","Rubiaceae",0.536,3.5,31.1,25.5,"","BCI-7577",NA,NA,NA,NA,NA,NA,NA,NA,NA,NA
"BCI","217098","alsebl","Rubiaceae",0.536,4,22.5,17.9,"stem forks at top","BCI-217098",NA,NA,NA,NA,NA,NA,NA,NA,NA,NA
"BCI","389","alsebl","Rubiaceae",0.536,4,53.6,22.1,"","BCI-389",NA,NA,NA,NA,NA,NA,NA,NA,NA,NA
"BCI","328","alsebl","Rubiaceae",0.536,3.5,53.6,27.9,"","BCI-328",TRUE,FALSE,TRUE,FALSE,FALSE,1.2899529038747,0.191564476036076,0.191564476036076,1.2899529038747,0.586126718572845
"BCI","6466","alsebl","Rubiaceae",0.536,5.199999809,71.2,20.9,"","BCI-6466",NA,NA,NA,NA,NA,NA,NA,NA,NA,NA
"BCI","7680","apeime","Malvaceae",0.278333,3.799999952,73,30.1,"","BCI-7680",TRUE,FALSE,TRUE,FALSE,FALSE,2.90246561058905,-0.00447678562308706,0.0103579602264856,1.0750232638318,0.864946214320329
"BCI","2121","aspicr","Apocynaceae",0.753333,6,77,36.1,"","BCI-2121",TRUE,TRUE,TRUE,FALSE,FALSE,1.72001133889977,0.0253822462577985,0.0357287280843135,1.29001094028938,0.943860125083807
"BCI","5221","ast2gr","Anacardiaceae",0.868143,4.449999809,84.2,39.1,"","BCI-5221",TRUE,FALSE,FALSE,FALSE,FALSE,0,0.214766117350781,0.214766117350781,0,0.953800450749153
"BCI","333","beilpe","Lauraceae",0.507,5.300000191,66.5,32.5,"","BCI-333",NA,NA,NA,NA,NA,NA,NA,NA,NA,NA
"BCI","6876","beilpe","Lauraceae",0.507,3,71,28.1,"","BCI-6876",TRUE,FALSE,TRUE,FALSE,FALSE,3.1175987157379,0.0341853362285651,0.0323348499392111,2.6908934322043,0.967090733476465
"BCI","1311","beilpe","Lauraceae",0.507,4,62.2,27.1,"","BCI-1311",TRUE,FALSE,TRUE,FALSE,FALSE,1.29000444641621,0.0253465912652147,0.0253465912652147,1.29000444641621,0.88982330998619
"BCI","4413","beilpe","Lauraceae",0.507,3.200000048,59.6,25.9,"","BCI-4413",TRUE,TRUE,TRUE,FALSE,FALSE,2.26057839523732,0.0389135361828286,0.0389135361828286,2.26057839523732,0.97870308535458
"BCI","4072","beilpe","Lauraceae",0.507,3.5,66.8,32.1,"","BCI-4072",FALSE,FALSE,FALSE,TRUE,FALSE,0.860041746852398,0.000954018693169738,0.000954018693169738,0.860041746852398,0.944259847595849
"BCI","4524","brosal","Moraceae",0.60775,8,95.6,36.1,"","BCI-4524",NA,NA,NA,NA,NA,NA,NA,NA,NA,NA
"BCI","1497","brosal","Moraceae",0.60775,3.900000095,72,33.9,"","BCI-1497",TRUE,FALSE,TRUE,FALSE,FALSE,1.50495012465185,0.0175439409653471,0.0175439409653471,1.50495012465185,0.91637629722107
"BCI","1730","brosal","Moraceae",0.60775,6.5,109,43.3,"","BCI-1730",TRUE,FALSE,TRUE,FALSE,FALSE,1.71989045072366,0.00443399651471851,0.00644233383053879,1.50492732363465,0.975351608828286
"BCI","1274","brosal","Moraceae",0.60775,5.400000095,72.5,36.1,"","BCI-1274",TRUE,FALSE,TRUE,FALSE,FALSE,1.93493107881828,0.0271101106630743,0.0383226912616145,1.07501814493206,0.968530427954316
"BCI","3628","cavapl","Malvaceae",0.36,3.299999952,217.2,42.9,"","BCI-3628",TRUE,TRUE,TRUE,FALSE,FALSE,2.2610608072931,0.0258644131176039,0.0258644131176039,2.2610608072931,0.965996402609321
"BCI","427","cavapl","Malvaceae",0.36,3.450000048,137,36.3,"","BCI-427",TRUE,FALSE,TRUE,FALSE,FALSE,0.215010599712278,0.33914533601186,0.042968911606165,0,0.982082730849205
"BCI","3008","cavapl","Malvaceae",0.36,3,169.3,36.1,"","BCI-3008",TRUE,FALSE,TRUE,FALSE,FALSE,2.68767490556559,0.0260638385817564,0.0260638385817564,2.68767490556559,0.969243138058154
"BCI","1158","ceibpe","Malvaceae",0.305149,15.5,220,44.6,"measured above 8 m","BCI-1158",NA,NA,NA,NA,NA,NA,NA,NA,NA,NA
"BCI","7163","ceibpe","Malvaceae",0.305149,7.5,167,40.8,"","BCI-7163",FALSE,FALSE,TRUE,FALSE,FALSE,0.214938899561703,0.0179084849954703,0.0179084849954703,0.214938899561703,0.960950544802704
"BCI","6883","ceibpe","Malvaceae",0.305149,6.099999905,189,41.5,"measured above 8 m","BCI-6883",NA,NA,NA,NA,NA,NA,NA,NA,NA,NA
"BCI","5213","ceibpe","Malvaceae",0.305149,11.35000038,208.5,39.9,"measured above 8 m","BCI-5213",NA,NA,NA,NA,NA,NA,NA,NA,NA,NA
"BCI","5444","ceibpe","Malvaceae",0.305149,4.900000095,92.6,31.9,"","BCI-5444",NA,NA,NA,NA,NA,NA,NA,NA,NA,NA
"BCI","2999","ceibpe","Malvaceae",0.305149,10.60000038,171.2,42.7,"measured above 8 m","BCI-2999",NA,NA,NA,NA,NA,NA,NA,NA,NA,NA
"BCI","503","ceibpe","Malvaceae",0.305149,7.050000191,192,38.7,"measured above 8 m","BCI-503",NA,NA,NA,NA,NA,NA,NA,NA,NA,NA
"BCI","7772","ceibpe","Malvaceae",0.305149,6.900000095,148.3,37.9,"","BCI-7772",NA,NA,NA,NA,NA,NA,NA,NA,NA,NA
"BCI","3223","ceibpe","Malvaceae",0.305149,10.5,166,43.7,"measured above 8 m","BCI-3223",NA,NA,NA,NA,NA,NA,NA,NA,NA,NA
"BCI","202624","chimpa","Rubiaceae",0.7115,1.799999952,18.9,11.9,"stem forks at top","BCI-202624",NA,NA,NA,NA,NA,NA,NA,NA,NA,NA
"BCI","259","chr2ar","Sapotaceae",0.764833,3.2,42.6,27.8,"","BCI-259",TRUE,TRUE,TRUE,FALSE,FALSE,2.47477626823643,0.092689926711835,0.0426103797787755,0.645053381708657,0.93575692379732
"BCI","4898","chr2ca","Sapotaceae",0.655,6.400000095,74.7,27.3,"","BCI-4898",TRUE,TRUE,TRUE,FALSE,FALSE,1.93503753385145,0.032817948321691,0.0471838126539445,0.645053814896907,0.831324466825435
"BCI","2673","chr2ca","Sapotaceae",0.655,6.099999905,94.7,32.5,"","BCI-2673",NA,NA,NA,NA,NA,NA,NA,NA,NA,NA
"BCI","269450","cordal","Boraginaceae",0.517429,3.5,40.9,15.1,"","BCI-269450",NA,NA,NA,NA,NA,NA,NA,NA,NA,NA
"BCI","7715","diptpa","Fabaceae-papilionoideae",0.848333,4.849999905,121.2,35.9,"","BCI-7715",TRUE,FALSE,TRUE,FALSE,FALSE,1.93501537042435,-0.00465458555431877,-0.0604169558651578,0.645066026622026,0.850113721086398
"BCI","5703","diptpa","Fabaceae-papilionoideae",0.848333,4,62.6,34.9,"","BCI-5703",NA,NA,NA,NA,NA,NA,NA,NA,NA,NA
"BCI","7221","diptpa","Fabaceae-papilionoideae",0.848333,5.300000191,69.5,36.1,"","BCI-7221",TRUE,FALSE,TRUE,FALSE,FALSE,1.72000798905994,-0.0193711888410149,0.0169549988719801,0.215005357921545,0.962340534910421
"BCI","1342","diptpa","Fabaceae-papilionoideae",0.848333,5,164.5,48.5,"","BCI-1342",TRUE,FALSE,TRUE,FALSE,FALSE,1.28997609739666,0.099856926147813,0.04170591225424,0,0.962427064003124
"BCI","5440","diptpa","Fabaceae-papilionoideae",0.848333,3.900000095,93.5,33.7,"","BCI-5440",NA,NA,NA,NA,NA,NA,NA,NA,NA,NA
"BCI","684","diptpa","Fabaceae-papilionoideae",0.848333,5.199999809,82.9,34.5,"","BCI-684",FALSE,TRUE,FALSE,FALSE,FALSE,0,0.203008049523297,0.203008049523297,0,0.942888169276894
"BCI","3275-2","drypst","Putranjivaceae",0.675,4,25.9,22.9,"","BCI-3275-2",NA,NA,NA,NA,NA,NA,NA,NA,NA,NA
"BCI","3275-1","drypst","Putranjivaceae",0.675,3.950000048,64.3,25.7,"","BCI-3275-1",TRUE,TRUE,TRUE,FALSE,FALSE,1.60729696465948,0.0202272377067045,0.0407615148256397,0.859977820508167,0.975632590069959
"BCI","1878","guapst","Nyctaginaceae",0.5994,4.449999809,60.1,28.7,"","BCI-1878",TRUE,FALSE,TRUE,FALSE,FALSE,1.71985679818428,0.0221643249088755,0.0226620439383836,1.50493509730044,0.966077268226202
"BCI","2500","guapst","Nyctaginaceae",0.5994,3.200000048,77.2,33.9,"","BCI-2500",TRUE,FALSE,TRUE,FALSE,FALSE,2.04131780419797,0.0493016154102815,0.0493016154102815,2.04131780419797,0.898624407127029
"BCI","2660","guargr","Meliaceae",0.545,3.099999905,85.3,31.3,"","BCI-2660",NA,NA,NA,NA,NA,NA,NA,NA,NA,NA
"BCI","5863","guargu","Meliaceae",0.567514,3,29.8,16,"","BCI-5863",NA,NA,NA,NA,NA,NA,NA,NA,NA,NA
"BCI","6798","guatdu","Annonaceae",0.466,3.200000048,51.3,16.9,"dead, standing, broken","BCI-6798",NA,NA,NA,NA,NA,NA,NA,NA,NA,NA
"BCI","3525","huracr","Euphorbiaceae",0.367333,3,74.7,25.5,"stem forks at top","BCI-3525",TRUE,FALSE,TRUE,FALSE,FALSE,2.90506666365741,0.0228051560629758,0.0228051560629758,2.90506666365741,0.96016205755305
"BCI","1046","huracr","Euphorbiaceae",0.367333,3.200000048,68.7,27.9,"","BCI-1046",NA,NA,NA,NA,NA,NA,NA,NA,NA,NA
"BCI","3765","huracr","Euphorbiaceae",0.367333,5.550000191,160,35.7,"","BCI-3765",TRUE,FALSE,TRUE,FALSE,FALSE,3.11949535244783,0.0117061217553595,0.0177113120080996,1.50497782186425,0.952679745979646
"BCI","888","huracr","Euphorbiaceae",0.367333,3.5,83.5,32.1,"","BCI-888",NA,NA,NA,NA,NA,NA,NA,NA,NA,NA
"BCI","1382","huracr","Euphorbiaceae",0.367333,5.099999905,97.3,10.9,"broken, resprouting","BCI-1382",NA,NA,NA,NA,NA,NA,NA,NA,NA,NA
"BCI","1333","huracr","Euphorbiaceae",0.367333,3,184.5,36.6,"","BCI-1333",FALSE,FALSE,FALSE,TRUE,FALSE,0.644958565767174,0.0204335609829834,0.0204335609829834,0.644958565767174,0.883650015267627
"BCI","3107","hyeral","Euphorbiaceae",0.509083,4,84,31.5,"","BCI-3107",TRUE,FALSE,TRUE,FALSE,FALSE,1.29000099280307,-0.00364515855346569,0.0263682929022591,0.429940263209232,0.967806025451155
"BCI","7383","jac1co","Bignoniaceae",0.350667,3,70.5,33.6,"","BCI-7383",TRUE,FALSE,TRUE,FALSE,FALSE,1.29004665372283,0.00541421809774471,0.00541421809774471,1.29004665372283,0.968604070102377
"BCI","7700","jac1co","Bignoniaceae",0.350667,4,55.5,27.7,"","BCI-7700",NA,NA,NA,NA,NA,NA,NA,NA,NA,NA
"BCI","6738","jac1co","Bignoniaceae",0.350667,3,74.9,35.9,"","BCI-6738",TRUE,FALSE,TRUE,FALSE,FALSE,1.0749721397613,0.0186723932414818,0.0161793678289109,0.860007522147186,0.9585540825866
"BCI","3913","jac1co","Bignoniaceae",0.350667,3,79.5,31.8,"","BCI-3913",FALSE,FALSE,FALSE,FALSE,TRUE,0.645074626255738,0.0596635904806859,0.0596635904806859,0.645074626255738,0.961384716513073
"BCI","6602","luehse","Malvaceae",0.417,4,75,22.3,"","BCI-6602",FALSE,FALSE,FALSE,TRUE,FALSE,1.074998131095,0.226583633743621,0.0380569478574371,0,0.434838445044266
"BCI","3432","luehse","Malvaceae",0.417,4.199999809,53.4,18.3,"","BCI-3432",NA,NA,NA,NA,NA,NA,NA,NA,NA,NA
"BCI","422840-1","ocotob","Lauraceae",0.3855,4,45.5,22.1,"","BCI-422840-1",NA,NA,NA,NA,NA,NA,NA,NA,NA,NA
"BCI","422840-2","ocotob","Lauraceae",0.3855,4,19.5,15.1,"","BCI-422840-2",NA,NA,NA,NA,NA,NA,NA,NA,NA,NA
"BCI","2208","ocotwh","Lauraceae",0.525773,3.799999952,84.3,24.1,"","BCI-2208",TRUE,FALSE,TRUE,FALSE,FALSE,2.0454966444494,0.029932300284259,0.029932300284259,2.0454966444494,0.937732992296809
"BCI","4394","pla1pi","Fabaceae-papilionoideae",0.72125,3,77.7,24.1,"","BCI-4394",TRUE,TRUE,TRUE,FALSE,FALSE,1.28999371232991,0.0449676003817721,0.0449676003817721,1.28999371232991,0.854346059995961
"BCI","3258","pla1pi","Fabaceae-papilionoideae",0.72125,4.650000095,62.8,31.1,"","BCI-3258",FALSE,FALSE,FALSE,TRUE,FALSE,0.644998065536882,-0.00396080278768849,-0.00396080278768849,0.644998065536882,0.943645696470552
"BCI","4031","pla1pi","Fabaceae-papilionoideae",0.72125,3.5,70.5,39.3,"","BCI-4031",FALSE,FALSE,TRUE,FALSE,FALSE,0.2150162165501,0.040909105520947,0.040909105520947,0.2150162165501,0.939439281805482
"BCI","3403","pla1pi","Fabaceae-papilionoideae",0.72125,3.6,53.7,29.4,"","BCI-3403",TRUE,TRUE,TRUE,FALSE,FALSE,2.47396129321272,0.0136367966228032,0.0379690818246723,1.72005289689693,0.96853117774009
"BCI","2059","pla2el","Fabaceae-papilionoideae",0.80575,3.5,134.4,33.5,"","BCI-2059",TRUE,TRUE,TRUE,FALSE,FALSE,2.90542847615848,0.0333827362519675,0.0333827362519675,2.90542847615848,0.467626714268582
"BCI","4391","pla2el","Fabaceae-papilionoideae",0.80575,3,97,38.1,"","BCI-4391",NA,NA,NA,NA,NA,NA,NA,NA,NA,NA
"BCI","3444","poutre","Sapotaceae",0.794,3.700000048,60.6,27.9,"","BCI-3444",TRUE,FALSE,TRUE,FALSE,FALSE,3.11857386897059,-0.00418185603407504,0.0076088415960979,1.93498203821109,0.970649730901042
"BCI","5463","poutre","Sapotaceae",0.794,4.599999905,61.8,21.7,"","BCI-5463",TRUE,FALSE,TRUE,FALSE,FALSE,2.25876370139911,0.0195590874180097,0.0192990281851742,0.215020070628434,0.966745172107807
"BCI","5906","pri2co","Fabaceae-caesalpinioideae",0.413571,3,72.5,37.8,"","BCI-5906",TRUE,FALSE,TRUE,FALSE,FALSE,2.69015168766135,0.0213284256389036,0.050780529733753,1.50497452179339,0.958455198955041
"BCI","6257","pri2co","Fabaceae-caesalpinioideae",0.413571,6,103,33.1,"","BCI-6257",TRUE,FALSE,TRUE,FALSE,FALSE,1.72001109623992,0.0090785352122612,0.0229729550890201,0.645004848158731,0.953737252115426
"BCI","141","pri2co","Fabaceae-caesalpinioideae",0.413571,3.299999952,94.3,42.5,"","BCI-141",TRUE,TRUE,TRUE,FALSE,FALSE,2.68931386685937,0.0155666469718159,0.0298560308360498,0.859984532146166,0.966506258427375
"BCI","5060","pri2co","Fabaceae-caesalpinioideae",0.413571,3,89.3,33.9,"","BCI-5060",TRUE,FALSE,TRUE,FALSE,FALSE,2.25885941234234,0.0256739631940767,0.0256739631940767,2.25885941234234,0.971329511791277
"BCI","5293","pri2co","Fabaceae-caesalpinioideae",0.413571,3.700000048,106.9,32.9,"","BCI-5293",TRUE,TRUE,TRUE,FALSE,FALSE,3.11852497475013,0.0317535711403582,0.0363299842381527,1.93502237538735,0.94086064597175
"BCI","8427","quaras","Malvaceae",0.454,2.700000048,36.8,24.1,"","BCI-8427",NA,NA,NA,NA,NA,NA,NA,NA,NA,NA
"BCI","3231","quaras","Malvaceae",0.454,6.5,75.4,32,"","BCI-3231",NA,NA,NA,NA,NA,NA,NA,NA,NA,NA
"BCI","4060","quaras","Malvaceae",0.454,6.5,57.5,26.5,"","BCI-4060",NA,NA,NA,NA,NA,NA,NA,NA,NA,NA
"BCI","7792","quaras","Malvaceae",0.454,7,46.9,21.3,"","BCI-7792",NA,NA,NA,NA,NA,NA,NA,NA,NA,NA
"BCI","2109","quaras","Malvaceae",0.454,4,74.3,27.7,"","BCI-2109",NA,NA,NA,NA,NA,NA,NA,NA,NA,NA
"BCI","2120","quaras","Malvaceae",0.454,4,60,26.7,"","BCI-2120",TRUE,FALSE,TRUE,FALSE,FALSE,3.55165066409946,0.0176860348968887,0.0291190911678776,3.33448805970897,0.887991540162894
"BCI","5900","quaras","Malvaceae",0.454,6.150000095,66.5,21.1,"","BCI-5900",NA,NA,NA,NA,NA,NA,NA,NA,NA,NA
"BCI","3635","quaras","Malvaceae",0.454,6.099999905,72.8,32.5,"","BCI-3635",FALSE,FALSE,FALSE,TRUE,FALSE,0.644994502201834,0.104514110535991,0.0356400585809424,0,0.900838950411612
"BCI","3172","quaras","Malvaceae",0.454,4.949999809,43.5,20.1,"","BCI-3172",NA,NA,NA,NA,NA,NA,NA,NA,NA,NA
"BCI","1101","quaras","Malvaceae",0.454,4,53,24.9,"","BCI-1101",NA,NA,NA,NA,NA,NA,NA,NA,NA,NA
"BCI","396","quaras","Malvaceae",0.454,6.099999905,61.8,24.7,"","BCI-396",NA,NA,NA,NA,NA,NA,NA,NA,NA,NA
"BCI","935","quaras","Malvaceae",0.454,7.449999809,108.2,36.3,"","BCI-935",NA,NA,NA,NA,NA,NA,NA,NA,NA,NA
"BCI","1036","quaras","Malvaceae",0.454,5.199999809,45.8,30.3,"","BCI-1036",NA,NA,NA,NA,NA,NA,NA,NA,NA,NA
"BCI","5752","quaras","Malvaceae",0.454,3,38.5,24.2,"","BCI-5752",TRUE,FALSE,TRUE,FALSE,FALSE,1.50502548842771,0.0442736102242567,0.0365282655772083,0.645004243253968,0.957783588534808
"BCI","6336","sloate","Elaeocarpaceae",0.624723,5.800000191,88.3,35.7,"","BCI-6336",FALSE,FALSE,FALSE,FALSE,TRUE,0.860073638641069,0.0229767706181158,0.0229767706181158,0.860073638641069,0.89515761278567
"BCI","3208","sloate","Elaeocarpaceae",0.624723,3,124.7,32.3,"","BCI-3208",TRUE,FALSE,TRUE,FALSE,FALSE,3.33382278563925,0.0484426589443009,0.0484426589443009,3.33382278563925,0.779492243654034
"BCI","7062","sloate","Elaeocarpaceae",0.624723,3.349999905,27,18.5,"","BCI-7062",NA,NA,NA,NA,NA,NA,NA,NA,NA,NA
"BCI","3479","sponmo","Anacardiaceae",0.390706,4.75,92.8,29.9,"","BCI-3479",FALSE,FALSE,FALSE,FALSE,TRUE,0.859982423875,0.0248009870981469,0.0248009870981469,0.859982423875,0.964612910018811
"BCI","2254","tab1ro","Bignoniaceae",0.5305,6.5,80,44,"","BCI-2254",NA,NA,NA,NA,NA,NA,NA,NA,NA,NA
"BCI","66360","tachve","Fabaceae-caesalpinioideae",0.521,4,79.1,31.1,"","BCI-66360",TRUE,FALSE,TRUE,FALSE,FALSE,3.3353386153834,0.0329342777945506,0.0329342777945506,3.3353386153834,0.940436126725146
"BCI","198815","termam","Combretaceae",0.6735,3,37.2,24.5,"stem forks at top","BCI-198815",NA,NA,NA,NA,NA,NA,NA,NA,NA,NA
"BCI","3696","termob","Combretaceae",0.694167,6.199999809,68.8,36.1,"","BCI-3696",TRUE,FALSE,TRUE,FALSE,FALSE,2.14992176520824,0.0137503431715371,0.0113466991182402,1.71991867443278,0.974854378604619
"BCI","142","tet2pa","Burseraceae",0.717333,4,47.9,22.3,"stem forks at top","BCI-142",TRUE,FALSE,TRUE,FALSE,FALSE,1.71998658967262,-0.0558166968668786,0.0129147430541387,0.64498889689769,0.923848752726396
"BCI","3780","tet2pa","Burseraceae",0.717333,4,57,23.7,"stem forks at top","BCI-3780",TRUE,FALSE,TRUE,FALSE,FALSE,2.47150088251591,0.0077233525605524,0.012510260493037,1.93496865637427,0.974948069834968
"BCI","2144","tri2tu","Meliaceae",0.6275,3.599999905,43.4,20.5,"","BCI-2144",NA,NA,NA,NA,NA,NA,NA,NA,NA,NA
"BCI","5216","tri2tu","Meliaceae",0.6275,3,33.4,18.5,"","BCI-5216",NA,NA,NA,NA,NA,NA,NA,NA,NA,NA
"BCI","4964","virosu","Myristicaceae",0.417909,4.6,56,35.6,"","BCI-4964",NA,NA,NA,NA,NA,NA,NA,NA,NA,NA
"BCI","5095","virosu","Myristicaceae",0.417909,4.599999905,98.4,39.9,"","BCI-5095",NA,NA,NA,NA,NA,NA,NA,NA,NA,NA
"BCI","8176","virosu","Myristicaceae",0.417909,7.5,65.9,29.7,"","BCI-8176",NA,NA,NA,NA,NA,NA,NA,NA,NA,NA
"BCI","5738","virosu","Myristicaceae",0.417909,3,63.4,11.9,"broken, resprouting","BCI-5738",NA,NA,NA,NA,NA,NA,NA,NA,NA,NA
"BKT","6176","SWINSC","Anacardiaceae",0.627444,6,100,55.4,"","BKT-6176",NA,NA,NA,NA,NA,NA,NA,NA,NA,NA
"BKT","9380","SPATCA","Bignoniaceae",0.34396,2,49,15.2,"","BKT-9380",TRUE,FALSE,TRUE,FALSE,FALSE,0.211575895652427,0.0904822391313911,0.0904822391313911,0.211575895652427,0.97488653041128
"BKT","1165","BHESRO","Celastraceae",0.655,2.3,65,28.4,"","BKT-1165",TRUE,FALSE,FALSE,FALSE,FALSE,0.215011834220986,0.0638591373601548,0.0638591373601548,0.215011834220986,0.963207002803536
"BKT","2111","GARCPA","Clusiaceae",0.435,1.6,46,19.4,"","BKT-2111",TRUE,FALSE,FALSE,FALSE,FALSE,2.90491172863696,0.0927315202605026,0.0927315202605026,2.90491172863696,0.866014393936158
"BKT","22","TERMSU","Combretaceae",0.54,5,75,38.8,"","BKT-22",TRUE,FALSE,TRUE,FALSE,FALSE,0.429976828500775,0.0183220740447564,0.0183220740447564,0.429976828500775,0.967863957460071
"BKT","1331","DILLGR","Dilleniaceae",0.65,1.9,46,28.6,"","BKT-1331",TRUE,TRUE,TRUE,FALSE,FALSE,1.61506998474872,0.0402971650988264,0.0402971650988264,1.61506998474872,0.979346545199625
"BKT","889","DILLGR","Dilleniaceae",0.65,4,64,32,"","BKT-889",TRUE,FALSE,TRUE,FALSE,FALSE,1.28999653193648,0.00373618228945637,0.0128160619079318,0.644971952832511,0.866045364241831
"BKT","2020","HOPEGR","Dipterocarpaceae",0.665,4,52,36.4,"top broken","BKT-2020",FALSE,FALSE,TRUE,FALSE,FALSE,0.214982811912878,0.0136532025732598,0.0136532025732598,0.214982811912878,0.971559939877411
"BKT","1697","SHORCU","Dipterocarpaceae",0.526667,2.4,129,45.4,"","BKT-1697",TRUE,TRUE,TRUE,FALSE,FALSE,2.90676356227682,0.0264016805250527,0.0264016805250527,2.90676356227682,0.91018964227922
"BKT","3893","HOPEFG","Dipterocarpaceae",0.600514971311475,1.8,47,34.8,"","BKT-3893",TRUE,FALSE,TRUE,FALSE,FALSE,1.39943088388889,0.0407753238903741,0.0407753238903741,1.39943088388889,0.987501012402345
"BKT","655","SHORCU","Dipterocarpaceae",0.526667,2,81,48.8,"","BKT-655",TRUE,FALSE,TRUE,FALSE,FALSE,2.90480698001715,0.0305313161159208,0.0305313161159208,2.90480698001715,0.969073399830151
"BKT","2024","SHORCU","Dipterocarpaceae",0.526667,2,99,38.4,"","BKT-2024",TRUE,TRUE,TRUE,FALSE,FALSE,3.33576648529144,0.0286715901786058,0.0286715901786058,3.33576648529144,0.977405274777437
"BKT","1743","SHORCU","Dipterocarpaceae",0.526667,1.7,84,39.4,"","BKT-1743",TRUE,FALSE,TRUE,FALSE,FALSE,2.68896688170543,0.0228653879848601,0.0228653879848601,2.68896688170543,0.967039800206558
"BKT","2302","SHORCU","Dipterocarpaceae",0.526667,3.6,95,38.8,"","BKT-2302",TRUE,TRUE,TRUE,FALSE,FALSE,1.61430630369857,-0.0182400559778249,0.0263844837371649,0.645062994886128,0.964703793825016
"BKT","2232","SHORGR","Dipterocarpaceae",0.64,1.8,77,38.4,"","BKT-2232",TRUE,TRUE,TRUE,FALSE,FALSE,1.61533502123887,0.0321507294753089,0.0321507294753089,1.61533502123887,0.96838329704124
"BKT","2213","SHORGR","Dipterocarpaceae",0.64,2,86,49.6,"","BKT-2213",TRUE,FALSE,TRUE,FALSE,FALSE,2.9060496547802,0.00710769258427692,0.00710769258427692,2.9060496547802,0.978717705522025
"BKT","2331","SHORCU","Dipterocarpaceae",0.526667,1.9,55,27,"","BKT-2331",TRUE,FALSE,TRUE,FALSE,FALSE,3.11976841740476,0.0342044388781751,0.0342044388781751,3.11976841740476,0.960855473369122
"BKT","2378","SHORCU","Dipterocarpaceae",0.526667,1.7,80,31.8,"","BKT-2378",TRUE,FALSE,TRUE,FALSE,FALSE,3.54559189685593,0.0227585576476262,0.0278051767202631,3.12102648627396,0.987467634878466
"BKT","1744","SHORCU","Dipterocarpaceae",0.526667,1.6,79,37,"","BKT-1744",TRUE,FALSE,TRUE,FALSE,FALSE,1.61283625152869,0.0363522971661003,0.0363522971661003,1.61283625152869,0.977617633015876
"BKT","1855","SHORCU","Dipterocarpaceae",0.526667,2.1,79,30.6,"","BKT-1855",TRUE,FALSE,TRUE,FALSE,FALSE,1.29001870695088,0.013464531037345,0.013464531037345,1.29001870695088,0.985197768731964
"BKT","5933","SHOROC","Dipterocarpaceae",0.725,3.8,118,63,"","BKT-5933",TRUE,FALSE,TRUE,FALSE,FALSE,3.00984412638269,0.0152398064434679,0.0156627448175638,2.79492343717241,0.958341389919713
"BKT","253","SHORPC","Dipterocarpaceae",0.5325,3.2,73,43.6,"","BKT-253",TRUE,TRUE,TRUE,FALSE,FALSE,0,0.282413468142691,0.282413468142691,0,0.978011293334244
"BKT","160","SHORPC","Dipterocarpaceae",0.5325,3.4,87,42.8,"","BKT-160",TRUE,FALSE,TRUE,FALSE,FALSE,1.07498482578804,0.0146565591440634,0.0146565591440634,1.07498482578804,0.96330176779193
"BKT","3922","SHORLE","Dipterocarpaceae",0.44,1.9,73,38,"","BKT-3922",TRUE,FALSE,TRUE,FALSE,FALSE,1.61226310185248,0.00109007966801836,0.00109007966801836,1.61226310185248,0.976164324311914
"BKT","4639","SHORLE","Dipterocarpaceae",0.44,3,89,51.8,"","BKT-4639",TRUE,TRUE,TRUE,FALSE,FALSE,3.33502402985965,0.0212184263505025,0.0212184263505025,3.33502402985965,0.963569686996453
"BKT","1011","SHORHB","Dipterocarpaceae",0.571129,1.7,87,38.6,"","BKT-1011",TRUE,FALSE,TRUE,FALSE,FALSE,3.54350198094444,0.0340483517508875,0.0374098064815638,3.12075084137131,0.940226452676976
"BKT","4113","SHORLE","Dipterocarpaceae",0.44,2.1,106,49.4,"","BKT-4113",TRUE,FALSE,TRUE,FALSE,FALSE,3.12004699124326,0.0197705918705649,0.0197705918705649,3.12004699124326,0.902199017643566
"BKT","901","STROCE","Erythropalaceae",0.73,3.2,40,25.2,"","BKT-901",NA,NA,NA,NA,NA,NA,NA,NA,NA,NA
"BKT","1311","ENDOMA","Euphorbiaceae",0.366667,2.8,69,25.2,"","BKT-1311",TRUE,TRUE,TRUE,FALSE,FALSE,2.04556474333721,0.0314883710009627,0.0468335627617219,1.71997784292066,0.960179566788465
"BKT","5940","KOOMMA","Fabaceae-caesalpinioideae",0.76,5.5,116,45,"","BKT-5940",TRUE,FALSE,FALSE,FALSE,FALSE,0,0.065941572080289,0.065941572080289,0,0.927889995377855
"BKT","3885","KOOMMA","Fabaceae-caesalpinioideae",0.76,3,92,49.6,"","BKT-3885",TRUE,TRUE,TRUE,FALSE,FALSE,0.429985367514726,0.0199325808837037,0.0199325808837037,0.429985367514726,0.946933776869681
"BKT","992","KOOMMA","Fabaceae-caesalpinioideae",0.76,3,126,53.4,"","BKT-992",TRUE,FALSE,TRUE,FALSE,FALSE,1.29004147038577,0.0620218038193956,0.0620218038193956,1.29004147038577,0.698171201182414
"BKT","1032","KOOMMA","Fabaceae-caesalpinioideae",0.76,5,100,53.2,"","BKT-1032",NA,NA,NA,NA,NA,NA,NA,NA,NA,NA
"BKT","2116","ADENMA","Fabaceae-mimosoideae",0.706385,3.8,61,34.2,"","BKT-2116",TRUE,FALSE,TRUE,FALSE,FALSE,1.07496487745035,-0.0221247926300108,0.00344547835367103,0.645000722062758,0.853527973300645
"BKT","4746","LITSCS","Lauraceae",0.34,3.6,56,24.8,"","BKT-4746",TRUE,FALSE,TRUE,FALSE,FALSE,1.28997254229141,-0.00432547466090555,0.0220774856197162,0.429982728499833,0.97581094077581
"BKT","989","MAGNEL","Magnoliaceae",0.483333,3.2,61,42.4,"","BKT-989",FALSE,FALSE,FALSE,TRUE,FALSE,0.645015066403756,0.0335912206525688,0.0335912206525688,0.645015066403756,0.976962963089508
"BKT","2101","HERIBO","Malvaceae",0.65742,3.2,81,28.2,"top broken","BKT-2101",TRUE,FALSE,TRUE,FALSE,FALSE,0.429997583399316,-0.0145043763123293,-0.0145043763123293,0.429997583399316,0.923451650031077
"BKT","460","HERIBO","Malvaceae",0.65742,3.2,111,43.2,"","BKT-460",TRUE,FALSE,TRUE,FALSE,FALSE,1.0749468419543,-0.0175548931880437,-0.0175548931880437,1.0749468419543,0.811605220657809
"BKT","971","PENTLA","Malvaceae",0.52,3,97,59,"","BKT-971",FALSE,FALSE,FALSE,FALSE,TRUE,0.86006982594214,0.0486836806971673,0.0486836806971673,0.86006982594214,0.919422733683235
"BKT","4862","PENTLA","Malvaceae",0.52,2,69,38.6,"","BKT-4862",TRUE,FALSE,TRUE,FALSE,FALSE,1.07497652679487,0.0366173201251637,0.0366173201251637,1.07497652679487,0.949391714809948
"BKT","1147","ARTOLA","Moraceae",0.482049,4,80,37.6,"","BKT-1147",NA,NA,NA,NA,NA,NA,NA,NA,NA,NA
"BKT","3431","ARTOSC","Moraceae",0.44,1.6,55,22.6,"","BKT-3431",TRUE,FALSE,TRUE,FALSE,FALSE,1.61257387692344,0.0924081578481005,0.0924081578481005,1.61257387692344,0.891174885580359
"BKT","5330","EUGEGD","Myrtaceae",0.649229,1.8,75,NA,"forgot to measure total height","BKT-5330",NA,NA,NA,NA,NA,3.12031078606348,0.0323335357570392,0.0323335357570392,3.12031078606348,0.820266682265304
"BKT","2639","NEPHRA","Sapindaceae",0.72,2.1,38,25,"","BKT-2639",TRUE,TRUE,TRUE,FALSE,FALSE,1.18317867462814,0.0886757399730127,0.0886757399730127,1.18317867462814,0.941247024025211
"BKT","140","PALAOX","Sapotaceae",0.579753,1.7,69,36.2,"","BKT-140",TRUE,FALSE,TRUE,FALSE,FALSE,2.90512989879898,0.0184386890631775,0.0240527131504686,2.47361152456663,0.966372102179995
"BKT","98","PALAGU","Sapotaceae",0.615,1.7,37,26.8,"","BKT-98",TRUE,FALSE,TRUE,FALSE,FALSE,2.04454621730471,0.0815743676871467,0.0815743676871467,2.04454621730471,0.974301925547145
"HKK","89856","ACEROB","Sapindaceae",0.603,1.6,33.4,27.83,"","HKK-89856",TRUE,FALSE,TRUE,FALSE,FALSE,1.82817226182477,0.0808698910442377,0.0808698910442377,1.82817226182477,0.885012611567085
"HKK","29243","AFZEXY","Fabaceae-caesalpinioideae",0.692149,1.5,74.6,20.63,"","HKK-29243",TRUE,FALSE,TRUE,FALSE,FALSE,1.61408466011319,0.0107017205855424,0.0107017205855424,1.61408466011319,0.97592019748808
"HKK","15174","AFZEXY","Fabaceae-caesalpinioideae",0.692149,2.3,71.8,26.03,"","HKK-15174",TRUE,FALSE,TRUE,FALSE,FALSE,2.25746111066478,0.0717855809767197,0.0717855809767197,2.25746111066478,0.965088471055039
"HKK","82131","ALPHVE","Annonaceae",0.738,1.6,47.5,29.03,"","HKK-82131",TRUE,FALSE,TRUE,FALSE,FALSE,1.614182050125,0.109633061659275,0.109633061659275,1.614182050125,0.889292770001599
"HKK","80867","CARABR","Rhizophoraceae",0.665857,3,54.9,31.4,"","HKK-80867",TRUE,FALSE,TRUE,FALSE,FALSE,1.50498260921072,0.0630918065079913,0.0630918065079913,1.50498260921072,0.974683551181561
"HKK","105780","CHUKTA","Meliaceae",0.5482,2.4,48.5,32.63,"","HKK-105780",TRUE,TRUE,TRUE,FALSE,FALSE,2.47446246346785,0.0320261769689723,0.0320261769689723,2.47446246346785,0.97312578371382
"HKK","89018","DIMOLO","Sapindaceae",0.7,1.7,62.3,30.83,"","HKK-89018",TRUE,FALSE,TRUE,FALSE,FALSE,2.47406503990323,0.0494943136211607,0.0494943136211607,2.47406503990323,0.971080317318199
"HKK","80109","DIOSVA","Ebenaceae",0.697332,1.8,37.6,25.43,"","HKK-80109",TRUE,FALSE,TRUE,FALSE,FALSE,1.61785710345614,0.122706475313793,0.122706475313793,1.61785710345614,0.944569241176278
"HKK","77879","DIPTAL","Dipterocarpaceae",0.599,3.6,144.4,54.63,"","HKK-77879",TRUE,FALSE,TRUE,FALSE,FALSE,3.33513899729074,0.0349232190497615,0.0349232190497615,3.33513899729074,0.960662692884952
"HKK","85162","DIPTAL","Dipterocarpaceae",0.599,2.6,76.9,36.2,"","HKK-85162",TRUE,FALSE,TRUE,FALSE,FALSE,2.04175351616594,0.0180116190456742,0.00565551728269156,1.61369104302259,0.939677074264056
"HKK","110491","DIPTAL","Dipterocarpaceae",0.599,2.7,74.2,45.23,"","HKK-110491",TRUE,FALSE,TRUE,FALSE,FALSE,1.93496207214084,0.0456601486714831,0.0456601486714831,1.93496207214084,0.989825798013171
"HKK","85163","DIPTAL","Dipterocarpaceae",0.599,2.6,92.7,43.2,"","HKK-85163",TRUE,TRUE,TRUE,FALSE,FALSE,2.68922917045359,0.0324156041835762,0.0324156041835762,2.68922917045359,0.984441358091774
"HKK","76660","HOPEOD","Dipterocarpaceae",0.635,2.1,150.2,50.63,"","HKK-76660",TRUE,FALSE,TRUE,FALSE,FALSE,3.54995519407367,0.0472683574640667,0.0472683574640667,3.54995519407367,0.943014919135916
"HKK","64579","HOPEOD","Dipterocarpaceae",0.635,3.3,102.1,47.23,"","HKK-64579",TRUE,FALSE,TRUE,FALSE,FALSE,1.93502384259014,0.0171438595959399,0.0171438595959399,1.93502384259014,0.977048476180729
"HKK","4192","HOPEOD","Dipterocarpaceae",0.635,3,96.7,49.23,"","HKK-4192",TRUE,FALSE,TRUE,FALSE,FALSE,1.50500006314394,0.0149976269782623,0.0149976269782623,1.50500006314394,0.97563522629911
"HKK","96487","HOPEOD","Dipterocarpaceae",0.635,2.45,94,49.03,"","HKK-96487",TRUE,FALSE,TRUE,FALSE,FALSE,3.33408867673423,0.025825832303736,0.025825832303736,3.33408867673423,0.986675291125302
"HKK","3931","HOPEOD","Dipterocarpaceae",0.635,3.05,116.5,40.03,"","HKK-3931",TRUE,FALSE,TRUE,FALSE,FALSE,3.33589209032648,0.0421223565844389,0.0421223565844389,3.33589209032648,0.954684989056691
"HKK","77568","HOPEOD","Dipterocarpaceae",0.635,2.2,91.1,40.63,"","HKK-77568",TRUE,FALSE,TRUE,FALSE,FALSE,2.68930011455357,0.014000219087286,0.014000219087286,2.68930011455357,0.926159617970292
"HKK","92143","HOPEOD","Dipterocarpaceae",0.635,2.4,95,42.83,"","HKK-92143",TRUE,FALSE,TRUE,FALSE,FALSE,1.8285330100542,0.0640748631441253,0.0640748631441253,1.8285330100542,0.963580628010842
"HKK","87712","HOPEOD","Dipterocarpaceae",0.635,2.5,115.6,50.43,"","HKK-87712",TRUE,FALSE,TRUE,FALSE,FALSE,2.68984861950233,0.0322908788969232,0.0322908788969232,2.68984861950233,0.940032596831154
"HKK","76731","HOPEOD","Dipterocarpaceae",0.635,3.5,108,46.63,"","HKK-76731",TRUE,FALSE,TRUE,FALSE,FALSE,2.57999039760322,0.000642792340224019,0.000642792340224019,2.57999039760322,0.940141622342662
"HKK","77103","HOPEOD","Dipterocarpaceae",0.635,3.5,117.8,51.43,"","HKK-77103",TRUE,FALSE,TRUE,FALSE,FALSE,3.11816684730709,0.0587108010765926,0.0587108010765926,3.11816684730709,0.919143631266319
"HKK","101349","HOPEOD","Dipterocarpaceae",0.635,2.3,92.7,48.63,"","HKK-101349",TRUE,FALSE,TRUE,FALSE,FALSE,2.04372457992026,0.0298042879870064,0.0298042879870064,2.04372457992026,0.952177979588738
"HKK","105722","HOPEOD","Dipterocarpaceae",0.635,2.9,112.4,45.83,"","HKK-105722",TRUE,FALSE,TRUE,FALSE,FALSE,1.2899401481297,0.0594040380931686,0.0594040380931686,1.2899401481297,0.928264140306586
"HKK","96392","HOPEOD","Dipterocarpaceae",0.635,2.55,74.5,40.4,"","HKK-96392",TRUE,FALSE,TRUE,FALSE,FALSE,3.11905958777692,0.020077140372963,0.020077140372963,3.11905958777692,0.955720263828347
"HKK","110689","HOPEOD","Dipterocarpaceae",0.635,2.5,94.8,39.63,"","HKK-110689",TRUE,FALSE,TRUE,FALSE,FALSE,1.83105616648869,0.043733292493902,0.043733292493902,1.83105616648869,0.98048316039367
"HKK","79762","HOPEOD","Dipterocarpaceae",0.635,3,124.9,50.43,"","HKK-79762",TRUE,TRUE,TRUE,FALSE,FALSE,2.90473440054443,0.0165286623296271,0.0191474246818397,2.47210731652562,0.936321778828787
"HKK","84443","HOPEOD","Dipterocarpaceae",0.635,4,95.6,41.63,"","HKK-84443",TRUE,FALSE,TRUE,FALSE,FALSE,1.50505964429265,0.0697134979505009,0.0697134979505009,1.50505964429265,0.927157090244252
"HKK","95454","HOPEOD","Dipterocarpaceae",0.635,3.6,94.6,46.83,"","HKK-95454",TRUE,FALSE,TRUE,FALSE,FALSE,1.50495482739098,-0.00151834242262062,-0.00195859902438496,1.29000483536613,0.838333775747612
"HKK","98921","HOPEOD","Dipterocarpaceae",0.635,1.85,76.5,46.63,"","HKK-98921",TRUE,FALSE,TRUE,FALSE,FALSE,2.47421638567938,0.0163568848073615,0.0163568848073615,2.47421638567938,0.987061432920196
"HKK","74729","HOPEOD","Dipterocarpaceae",0.635,3.6,117.7,42.83,"","HKK-74729",TRUE,FALSE,TRUE,FALSE,FALSE,3.11884934155016,0.0194904102976621,0.0211272852394812,2.90416161977956,0.971549313386421
"HKK","107841","HOPEOD","Dipterocarpaceae",0.635,1.7,77.2,39.03,"","HKK-107841",TRUE,TRUE,TRUE,FALSE,FALSE,2.68921823513208,0.02594043141227,0.02594043141227,2.68921823513208,0.978027229570552
"HKK","100514","HOPEOD","Dipterocarpaceae",0.635,3.7,125.6,40.03,"","HKK-100514",TRUE,FALSE,TRUE,FALSE,FALSE,3.33259318492589,0.0232612323653527,0.0232612323653527,3.33259318492589,0.985638316044597
"HKK","104170","HOPEOD","Dipterocarpaceae",0.635,3.3,110.7,39.83,"","HKK-104170",TRUE,FALSE,TRUE,FALSE,FALSE,1.50500189362143,-0.0149772878291934,-0.00452623032887427,1.29001933567954,0.939084957078155
"HKK","82975","HOPEOD","Dipterocarpaceae",0.635,1.8,83.5,43.23,"","HKK-82975",TRUE,FALSE,TRUE,FALSE,FALSE,3.55012186185714,0.0345971895412202,0.0345971895412202,3.55012186185714,0.97064107086222
"HKK","107374","HOPEOD","Dipterocarpaceae",0.635,2.9,104.7,46.43,"","HKK-107374",TRUE,FALSE,TRUE,FALSE,FALSE,2.68749905229079,0.0186407083759982,0.0186407083759982,2.68749905229079,0.971498416829179
"HKK","73051","HOPEOD","Dipterocarpaceae",0.635,3,110.4,44.63,"","HKK-73051",TRUE,FALSE,TRUE,FALSE,FALSE,3.33603322588945,0.0138902370731618,0.0138902370731618,3.33603322588945,0.964452835250721
"HKK","40325","IRVIMA","Irvingiaceae",0.883333,3.2,50.8,29.83,"","HKK-40325",TRUE,FALSE,TRUE,FALSE,FALSE,1.50501513763529,0.0223317055131642,0.0223317055131642,1.50501513763529,0.938906135854599
"HKK","33072","IRVIMA","Irvingiaceae",0.883333,2.8,58.1,32.03,"","HKK-33072",TRUE,FALSE,TRUE,FALSE,FALSE,1.50499557606075,0.0213733924981788,0.0213733924981788,1.50499557606075,0.960693500125726
"HKK","62630","LAGETO","Lythraceae",0.543,2.4,88.5,39.83,"","HKK-62630",TRUE,FALSE,TRUE,FALSE,FALSE,2.4752729658502,0.0634552651101281,0.0634552651101281,2.4752729658502,0.846976070622223
"HKK","4329","LAGETO","Lythraceae",0.543,1.5,35.8,22.83,"","HKK-4329",TRUE,FALSE,TRUE,FALSE,FALSE,1.18356747406144,0.243047963475929,0.243047963475929,1.18356747406144,0.72869970883567
"HKK","106506","LAGETO","Lythraceae",0.543,2.6,102.4,37.63,"","HKK-106506",TRUE,FALSE,TRUE,FALSE,FALSE,2.47548234991564,0.0888223312248407,0.0951121049744038,2.26090774196912,0.902705152913556
"HKK","16511","LAGETO","Lythraceae",0.543,3.2,138.8,46.4,"","HKK-16511",FALSE,FALSE,FALSE,FALSE,TRUE,0.64505528782549,0.060383527713632,0.060383527713632,0.64505528782549,0.600103504671609
"HKK","43903","MALLPH","Euphorbiaceae",0.603333,1.6,22.8,13,"","HKK-43903",TRUE,FALSE,TRUE,FALSE,FALSE,1.17978489313188,0.413521372531914,0.413521372531914,1.17978489313188,0.923680321283736
"HKK","89956","MITRTH","Annonaceae",0.62,2.5,29.9,16.8,"leaning","HKK-89956",FALSE,FALSE,FALSE,FALSE,TRUE,0.859980943536585,0.0438177852108297,0.0305477528713245,0.644989331650635,0.956585410727808
"HKK","79501","NEOLOB","Lauraceae",0.53325,1.6,45,26.8,"","HKK-79501",TRUE,TRUE,TRUE,FALSE,FALSE,1.82875261172492,0.0361946545694802,0.0361946545694802,1.82875261172492,0.98726401260777
"HKK","103705","NEOLOB","Lauraceae",0.53325,2.95,44,29.83,"","HKK-103705",TRUE,FALSE,TRUE,FALSE,FALSE,1.0749819842263,0.0282070934790158,0.0237702385429196,0.859980578007625,0.978777665101594
"HKK","40443","NEOLOB","Lauraceae",0.53325,4,37.7,22.63,"","HKK-40443",TRUE,FALSE,TRUE,FALSE,FALSE,0.430022584145779,0.0800810212243434,0.0862691791340644,0.215018352124542,0.986369126350334
"HKK","102155","NEOLOB","Lauraceae",0.53325,1.8,51.1,32.13,"","HKK-102155",TRUE,FALSE,TRUE,FALSE,FALSE,3.3350594429583,0.0202600018327751,0.0202600018327751,3.3350594429583,0.972298175178859
"HKK","93547","PERSXX","Lauraceae",0.514821,2.2,56.8,32.03,"","HKK-93547",TRUE,FALSE,TRUE,FALSE,FALSE,2.04375866019132,0.0261593069464443,0.0273287923258928,1.82749850747448,0.988995898139856
"HKK","90072","PERSXX","Lauraceae",0.514821,1.5,56.9,34.43,"","HKK-90072",FALSE,FALSE,FALSE,FALSE,TRUE,0.96958603224644,0.117165627497875,0.117165627497875,0.96958603224644,0.922773758257012
"HKK","103134","PRUNAR","Rosaceae",0.456,1.55,45.2,20.43,"","HKK-103134",TRUE,FALSE,TRUE,FALSE,FALSE,2.68854255663785,0.0613256581709639,0.0613256581709639,2.68854255663785,0.964939437044354
"HKK","107298","PTERGR","Malvaceae",0.521,3,51.7,28.8,"","HKK-107298",TRUE,FALSE,TRUE,FALSE,FALSE,1.28998303315657,0.00712213588614081,0.0111474199508869,1.07497694303419,0.985561235661734
"HKK","62197","PTERGR","Malvaceae",0.521,4.6,64.9,25.23,"","HKK-62197",TRUE,FALSE,TRUE,FALSE,FALSE,2.90420894013958,0.0272759120386221,0.0117974609939704,0.645050705895884,0.953357116427606
"HKK","56532","PTERMA","Fabaceae-papilionoideae",0.7,3.3,95.6,36.83,"","HKK-56532",FALSE,FALSE,FALSE,TRUE,FALSE,0.645041800864344,0.0210220637618518,0.0210220637618518,0.645041800864344,0.973451424307289
"HKK","106218","SACCLI","Annonaceae",0.564953,1.6,55.6,31.83,"","HKK-106218",TRUE,FALSE,TRUE,FALSE,FALSE,2.47577619974667,0.0508825437724291,0.0576383172248187,2.26004882383246,0.925217239583318
"HKK","23976","SACCLI","Annonaceae",0.564953,2.8,28.7,22.83,"","HKK-23976",FALSE,FALSE,FALSE,FALSE,TRUE,1.07501489073068,0.0498193301342375,0.0466507932393529,0.644995532886752,0.984906782454735
"HKK","86533","SACCLI","Annonaceae",0.564953,3,43.2,28.6,"","HKK-86533",TRUE,FALSE,TRUE,FALSE,FALSE,2.25816317595833,0.0539308478099932,0.0539308478099932,2.25816317595833,0.975103215220583
"HKK","107343","SACCLI","Annonaceae",0.564953,3.1,40,23.03,"","HKK-107343",TRUE,FALSE,TRUE,FALSE,FALSE,3.11833687276596,0.0544244402319379,0.10722898438,1.71997247952236,0.948839632872939
"HKK","18401","STERHY","Malvaceae",0.4256,3.4,99.3,38.03,"","HKK-18401",TRUE,TRUE,TRUE,FALSE,FALSE,3.12059995868844,0.0207812403900987,0.0294419876642654,1.50496330414848,0.910936473073255
"HKK","98126","TETRNU","Tetramelaceae",0.307,3.6,65.2,37.83,"","HKK-98126",TRUE,FALSE,TRUE,FALSE,FALSE,1.82810021641026,0.0511590383415462,0.0511590383415462,1.82810021641026,0.955681172464951
"HKK","17553","TETRNU","Tetramelaceae",0.307,3.5,104,39.83,"","HKK-17553",TRUE,FALSE,TRUE,FALSE,FALSE,1.28999249447732,0.0681004129626762,0.0681004129626762,1.28999249447732,0.91533800252212
"HKK","56449","TETRNU","Tetramelaceae",0.307,1.8,42.8,27.6,"","HKK-56449",TRUE,FALSE,TRUE,FALSE,FALSE,2.04645809697436,0.0635604342954583,0.0635604342954583,2.04645809697436,0.929020506190915
"HKK","19095","TETRNU","Tetramelaceae",0.307,5.9,220.9,40.83,"","HKK-19095",NA,NA,NA,NA,NA,NA,NA,NA,NA,NA
"HKK","19384","TETRNU","Tetramelaceae",0.307,2.4,62.2,32.83,"","HKK-19384",TRUE,FALSE,TRUE,FALSE,FALSE,2.26013970797407,0.0912118262070373,0.0912118262070373,2.26013970797407,0.968719437588135
"HKK","4918","TETRNU","Tetramelaceae",0.307,3.3,102.6,38.63,"","HKK-4918",TRUE,FALSE,TRUE,FALSE,FALSE,1.07496178313776,0.0856838446590406,0.0856838446590406,1.07496178313776,0.965497997793843
"HKK","5108","TETRNU","Tetramelaceae",0.307,2.2,75.9,34.63,"","HKK-5108",TRUE,FALSE,TRUE,FALSE,FALSE,1.72002982840823,0.0521767000842144,0.0521767000842144,1.72002982840823,0.975417457977066
"HKK","11757","TETRNU","Tetramelaceae",0.307,3.7,73.3,38.63,"","HKK-11757",TRUE,FALSE,TRUE,FALSE,FALSE,1.29000303036356,0.0482104551498305,0.0432886789520288,1.07492808801862,0.964846120722193
"HKK","11829","TETRNU","Tetramelaceae",0.307,3.7,57.8,37.43,"","HKK-11829",TRUE,FALSE,TRUE,FALSE,FALSE,1.71995609598193,0.109823279698745,0.109823279698745,1.71995609598193,0.942633145200288
"HKK","12410","TETRNU","Tetramelaceae",0.307,3.4,146.7,38.43,"","HKK-12410",TRUE,FALSE,TRUE,FALSE,FALSE,2.58001817620567,0.0710972420238836,0.0710972420238836,2.58001817620567,0.945865846542137
"HKK","14953","TETRNU","Tetramelaceae",0.307,3.5,63.8,36.03,"","HKK-14953",TRUE,FALSE,TRUE,FALSE,FALSE,1.28996542770168,0.0857710134297964,0.0857710134297964,1.28996542770168,0.969858376043239
"HKK","26572","TETRNU","Tetramelaceae",0.307,3,70.5,38.03,"","HKK-26572",TRUE,FALSE,TRUE,FALSE,FALSE,1.07498260329569,0.0240881182741803,0.0240881182741803,1.07498260329569,0.979863741814565
"HKK","15242","TETRNU","Tetramelaceae",0.307,3.3,72.8,36.4,"","HKK-15242",TRUE,FALSE,TRUE,FALSE,FALSE,2.79498616069282,0.0239049290061725,0.0239049290061725,2.79498616069282,0.987052501576512
"HKK","30218","TETRNU","Tetramelaceae",0.307,3.4,56.9,34.63,"","HKK-30218",FALSE,FALSE,FALSE,TRUE,FALSE,0.645002626823432,0.0525610787321154,0.0525610787321154,0.645002626823432,0.965967600877517
"HKK","52695","TETRNU","Tetramelaceae",0.307,3,66.5,38.23,"","HKK-52695",FALSE,FALSE,FALSE,FALSE,TRUE,0.860014754440631,0.0789140597351145,0.0789140597351145,0.860014754440631,0.875695610801958
"HKK","21767","TETRNU","Tetramelaceae",0.307,4.1,89.8,41.23,"","HKK-21767",TRUE,FALSE,TRUE,FALSE,FALSE,1.93503368995897,0.0490490115938303,0.0490490115938303,1.93503368995897,0.951130862330053
"HKK","33593","TETRNU","Tetramelaceae",0.307,4.2,66.7,36.63,"","HKK-33593",FALSE,FALSE,TRUE,FALSE,FALSE,0,0.237973566650978,0.237973566650978,0,0.962931459937863
"HKK","33634","TETRNU","Tetramelaceae",0.307,3.3,77.5,40.83,"","HKK-33634",TRUE,FALSE,TRUE,FALSE,FALSE,3.33656919748199,0.071042556193262,0.071042556193262,3.33656919748199,0.824625987182994
"HKK","21078","TETRNU","Tetramelaceae",0.307,4.2,67.5,39.83,"","HKK-21078",TRUE,FALSE,TRUE,FALSE,FALSE,0.430060213317756,0.0411351461879254,0.0411351461879254,0.430060213317756,0.988717551158191
"HKK","25376","TETRNU","Tetramelaceae",0.307,4.2,85.7,40.03,"","HKK-25376",FALSE,FALSE,FALSE,TRUE,TRUE,0.644970221271605,0.0202911630091042,0.0202911630091042,0.644970221271605,0.974673691026031
"HKK","45710","TETRNU","Tetramelaceae",0.307,2.8,65.6,31.63,"","HKK-45710",TRUE,FALSE,TRUE,FALSE,FALSE,2.68812233214427,0.0497717730866351,0.0497717730866351,2.68812233214427,0.984360826190787
"HKK","24218","TETRNU","Tetramelaceae",0.307,2.7,63.3,31.63,"","HKK-24218",TRUE,FALSE,TRUE,FALSE,TRUE,0.645031593364625,0.0607126689072536,0.0607126689072536,0.645031593364625,0.98976383249132
"HKK","24253","TETRNU","Tetramelaceae",0.307,3.1,63,34.43,"","HKK-24253",TRUE,TRUE,TRUE,FALSE,FALSE,1.93500609665243,0.0286689452043103,0.0286689452043103,1.93500609665243,0.973033623932132
"HKK","36263","TETRNU","Tetramelaceae",0.307,4,90.7,39.83,"","HKK-36263",TRUE,FALSE,TRUE,FALSE,FALSE,1.07492056732304,0.0446076064111891,0.0446076064111891,1.07492056732304,0.962569854458124
"HKK","36265","TETRNU","Tetramelaceae",0.307,3.2,65.2,38.23,"","HKK-36265",TRUE,FALSE,TRUE,FALSE,FALSE,1.28998366643803,0.0409282899074848,0.0409282899074848,1.28998366643803,0.99166196214623
"HKK","75957","TETRNU","Tetramelaceae",0.307,2.8,68.4,39.03,"","HKK-75957",TRUE,FALSE,TRUE,FALSE,FALSE,2.04457463649038,0.056248947573571,0.056248947573571,2.04457463649038,0.90562287624553
"HKK","50524","TETRNU","Tetramelaceae",0.307,4.01,96.1,38.2,"","HKK-50524",FALSE,FALSE,TRUE,FALSE,FALSE,0.215026737347834,0.239438192603811,-0.00995947877541278,0,0.977780216924726
"HKK","41329","TETRNU","Tetramelaceae",0.307,2.7,72.9,33,"","HKK-41329",TRUE,TRUE,TRUE,FALSE,FALSE,1.93499797031106,0.0328759088127857,0.0328759088127857,1.93499797031106,0.985520043924644
"HKK","41340","TETRNU","Tetramelaceae",0.307,3.2,72.3,36.6,"","HKK-41340",TRUE,TRUE,TRUE,FALSE,FALSE,1.50500041635526,0.0154000455157709,0.0293105688611848,1.07499481159848,0.984137161984508
"HKK","106067","TETRNU","Tetramelaceae",0.307,3.9,72.6,38.2,"","HKK-106067",TRUE,TRUE,TRUE,FALSE,FALSE,1.29001777856085,0.0247687709331947,0.0274790445933725,0.645019972340426,0.990643958867016
"HKK","59807","TETRNU","Tetramelaceae",0.307,4.4,85.2,39.03,"","HKK-59807",TRUE,FALSE,FALSE,FALSE,FALSE,0.215023075498701,0.100198882265689,0.100198882265689,0.215023075498701,0.943222357114875
"HKK","110560","TETRNU","Tetramelaceae",0.307,3.8,103.1,40,"","HKK-110560",TRUE,FALSE,FALSE,FALSE,FALSE,2.1499668732064,0.0477858789039462,0.0482002893566142,1.93502655143958,0.947021349616514
"HKK","93654","TETRNU","Tetramelaceae",0.307,4,92,43.4,"","HKK-93654",TRUE,FALSE,TRUE,FALSE,FALSE,3.33605646324155,0.0554824850661427,0.0554824850661427,3.33605646324155,0.842847369700666
"HKK","64675","TETRNU","Tetramelaceae",0.307,3.6,62.9,39.83,"","HKK-64675",TRUE,FALSE,TRUE,FALSE,FALSE,1.29002809976756,0.0448340331649909,0.0448340331649909,1.29002809976756,0.950840288748725
"HKK","87145","TREWNU","Euphorbiaceae",0.44,3.05,47.5,30.03,"","HKK-87145",TRUE,FALSE,TRUE,FALSE,FALSE,2.36501074406282,0.0434382946531163,0.0434382946531163,2.36501074406282,0.938077398482655
"HKK","46156","VATIHA","Dipterocarpaceae",0.69625,3,59.5,34.83,"","HKK-46156",TRUE,FALSE,TRUE,FALSE,FALSE,1.82810036472492,0.0435489598299053,0.0760985237623272,1.29001110475,0.978978953190838
"HKK","32538","VATIHA","Dipterocarpaceae",0.69625,1.8,40.6,32,"","HKK-32538",TRUE,FALSE,TRUE,TRUE,FALSE,3.44295072643444,0.0421306497097537,0.0421306497097537,3.44295072643444,0.974272903302546
"HKK","77613","VATIHA","Dipterocarpaceae",0.69625,2.3,31.2,31.4,"","HKK-77613",TRUE,FALSE,TRUE,FALSE,FALSE,2.26007499433489,0.0651364542685946,0.0651364542685946,2.26007499433489,0.979108406586081
"KCH","2800924","Alangium kurzii","Cornaceae",0.42,5.7,38.2,32.6,"","KCH-2800924",NA,NA,NA,NA,NA,NA,NA,NA,NA,NA
"KCH","31132","Alstonia scholaris","Apocynaceae",0.382,6,59.8,29.8,"","KCH-31132",TRUE,FALSE,TRUE,FALSE,FALSE,2.57992396668279,0.0234328845395174,0.0234328845395174,2.57992396668279,0.879290516969843
"KCH","41002","Alstonia scholaris","Apocynaceae",0.382,2.55,76,34.4,"","KCH-41002",TRUE,FALSE,TRUE,FALSE,FALSE,3.33576235266194,0.0561050917171977,0.0561050917171977,3.33576235266194,0.313515087809729
"KCH","91359","Alstonia scholaris","Apocynaceae",0.382,6.3,55.2,28.8,"","KCH-91359",FALSE,FALSE,TRUE,FALSE,FALSE,3.33401214636122,0.0247067326208307,0.0247067326208307,3.33401214636122,0.345725188071111
"KCH","70785","Alstonia scholaris","Apocynaceae",0.382,3.5,28.9,18.2,"","KCH-70785",TRUE,FALSE,TRUE,FALSE,FALSE,0.430017406379197,0.0809474972586306,0.0809474972586306,0.430017406379197,0.935413055317599
"KCH","91169","Bhesa cf. indica","Celastraceae",0.655,1.7,79.2,37.2,"","KCH-91169",TRUE,FALSE,TRUE,FALSE,FALSE,3.33401329873795,0.0419635019127163,0.0419635019127163,3.33401329873795,0.921587754466021
"KCH","3700360","Blumeodendron sp. 1","Euphorbiaceae",0.57625,2.9,45.1,30.2,"","KCH-3700360",TRUE,FALSE,TRUE,FALSE,FALSE,2.90299497960071,0.044896134316063,0.044896134316063,2.90299497960071,0.932117576032991
"KCH","2000810","Bouea oppositifolia","Anacardiaceae",0.745,6.25,55.5,33.8,"","KCH-2000810",FALSE,TRUE,FALSE,FALSE,FALSE,0,0.121615373360466,0.121615373360466,0,0.960791063795486
"KCH","3700767","Chisocheton macrophyllus","Meliaceae",0.445,3.1,48.2,19.6,"stem broke above","KCH-3700767",FALSE,FALSE,FALSE,FALSE,TRUE,0.644995607365553,0.0449808351153107,0.0449808351153107,0.644995607365553,0.966227723600224
"KCH","421286","Cinnamomum sintoc","Lauraceae",0.474415,2.08,55.4,27.8,"","KCH-421286",FALSE,FALSE,FALSE,FALSE,TRUE,0.859986481627681,0.0580918550002824,0.0580918550002824,0.859986481627681,0.969128906896701
"KCH","450654","Cleistocalyx nervosum","Myrtaceae",0.6608,3.27,122.1,45,"","KCH-450654",TRUE,FALSE,TRUE,FALSE,FALSE,1.50500754637282,0.0363030598715374,0.0363030598715374,1.50500754637282,0.923264822935892
"KCH","3000343","Cleistocalyx nervosum","Myrtaceae",0.6608,3.6,110,43.8,"","KCH-3000343",FALSE,FALSE,FALSE,TRUE,FALSE,0.859999776577901,0.0197134768065868,0.0197134768065868,0.859999776577901,0.943462624288799
"KCH","561342","Cleistocalyx nervosum","Myrtaceae",0.6608,1.59,61.7,31.4,"together with 561343","KCH-561342",TRUE,FALSE,TRUE,FALSE,FALSE,1.40141927929105,0.104770816717398,0.104770816717398,1.40141927929105,0.919188125832968
"KCH","3300994","Cynometra malaccensis","Fabaceae-caesalpinioideae",0.79,5.8,78.8,39.8,"","KCH-3300994",NA,NA,NA,NA,NA,NA,NA,NA,NA,NA
"KCH","530070","Cynometra malaccensis","Fabaceae-caesalpinioideae",0.79,5.49,110.9,34,"","KCH-530070",TRUE,FALSE,FALSE,FALSE,FALSE,0.430030774192663,0.115869721209971,0.115869721209971,0.430030774192663,0.466706235640506
"KCH","2000843","Cynometra malaccensis","Fabaceae-caesalpinioideae",0.79,4.4,59.8,36,"","KCH-2000843",TRUE,FALSE,TRUE,FALSE,FALSE,1.50487877304977,0.0116238402208225,0.0116238402208225,1.50487877304977,0.966231806640051
"KCH","1500340","Cynometra malaccensis","Fabaceae-caesalpinioideae",0.79,3.6,60,35.6,"","KCH-1500340",TRUE,FALSE,TRUE,FALSE,FALSE,2.79497824822423,0.026902669334364,0.026902669334364,2.79497824822423,0.970734776658627
"KCH","590186","Cynometra malaccensis","Fabaceae-caesalpinioideae",0.79,4.89,103.5,42,"","KCH-590186",FALSE,FALSE,TRUE,FALSE,FALSE,0.215077072133546,0.121653305079805,0.121653305079805,0.215077072133546,0.761495900357727
"KCH","30884","Dillenia reticulata","Dilleniaceae",0.61,2.6,41.7,34.6,"","KCH-30884",TRUE,FALSE,TRUE,FALSE,FALSE,3.5497454921009,0.0382440437528377,0.0382440437528377,3.5497454921009,0.653398369952388
"KCH","590342","Diospyros oblonga","Ebenaceae",0.75,3.9,37.1,28.2,"","KCH-590342",TRUE,FALSE,TRUE,FALSE,FALSE,1.50498105977717,0.0315632159367269,0.13242800518922,0.429959750693473,0.955958980761597
"KCH","2500646","Diospyros transitoria","Ebenaceae",0.84,3.9,48.3,32.4,"Plate 219","KCH-2500646",FALSE,FALSE,FALSE,TRUE,FALSE,0.645057660688406,0.01574219728749,0.01574219728749,0.645057660688406,0.961897196028911
"KCH","1601288","Dipterocarpus grandiflorus","Dipterocarpaceae",0.67,1.68,83.2,41.4,"Plate 720","KCH-1601288",TRUE,TRUE,TRUE,FALSE,FALSE,3.33457011433696,0.0224624824183862,0.0224624824183862,3.33457011433696,0.975352286278718
"KCH","2100963","Dipterocarpus grandiflorus","Dipterocarpaceae",0.67,1.71,23.2,18.4,"","KCH-2100963",FALSE,FALSE,FALSE,TRUE,FALSE,0.644980107388592,0.0882771809391765,0.0882771809391765,0.644980107388592,0.97569866899498
"KCH","1202018","Duabanga grandiflora","Lythraceae",0.379,2.4,56,31.8,"","KCH-1202018",TRUE,FALSE,TRUE,FALSE,FALSE,1.82940243834223,0.0730043297077997,0.0730043297077997,1.82940243834223,0.965393400650712
"KCH","501802","Duabanga grandiflora","Lythraceae",0.379,1.72,40.6,28.6,"","KCH-501802",TRUE,TRUE,TRUE,FALSE,FALSE,1.07499086163254,0.0317338234135452,0.0317338234135452,1.07499086163254,0.979500469094504
"KCH","501795","Duabanga grandiflora","Lythraceae",0.379,1.7,46.4,28.6,"","KCH-501795",TRUE,TRUE,TRUE,FALSE,FALSE,1.18308649856939,0.0311651319817598,0.0311651319817598,1.18308649856939,0.980004691176595
"KCH","3102214","Duabanga grandiflora","Lythraceae",0.379,2.2,69.2,34.2,"","KCH-3102214",TRUE,FALSE,TRUE,FALSE,FALSE,3.33451192492754,0.0613029664570738,0.0613029664570738,3.33451192492754,0.968435778375239
"KCH","80249","Durio lowianus","Malvaceae",0.57,5.8,93.8,46.2,"no tag","KCH-80249",NA,NA,NA,NA,NA,NA,NA,NA,NA,NA
"KCH","2600418","Dysoxylum alliaceum","Meliaceae",0.565,4.9,67.9,34.6,"","KCH-2600418",FALSE,FALSE,FALSE,FALSE,TRUE,1.07508750806891,0.00308227780583682,0.00308227780583682,1.07508750806891,0.873011264510494
"KCH","80669","Dysoxylum densiflorum","Meliaceae",0.57,1.73,48,26.6,"Plate 543","KCH-80669",TRUE,FALSE,TRUE,FALSE,FALSE,2.25021146673835,0.0109236765267876,0.0208884373293771,2.04844862612053,0.958994011378087
"KCH","520104","Gluta elegans","Anacardiaceae",0.5056,3.36,54.7,25,"","KCH-520104",TRUE,FALSE,TRUE,FALSE,FALSE,1.29004002713254,0.100901221398723,0.100901221398723,1.29004002713254,0.931446502578376
"KCH","1301393","Gluta elegans","Anacardiaceae",0.5056,1.66,53.5,20.2,"","KCH-1301393",TRUE,FALSE,TRUE,FALSE,FALSE,1.40018971807512,0.0193011326907149,0.0255211694934711,1.18348921850845,0.965956160928307
"KCH","2101105","Hopea helferi","Dipterocarpaceae",0.88,3.9,77.3,41.6,"","KCH-2101105",TRUE,FALSE,TRUE,FALSE,FALSE,1.50501758653704,-0.00507092683802684,-0.00212761636569019,1.29001404260606,0.959982899852029
"KCH","491413","Hopea helferi","Dipterocarpaceae",0.88,2.8,120.5,53.4,"","KCH-491413",TRUE,FALSE,TRUE,FALSE,FALSE,1.72001644202024,0.0290897258703899,0.0290897258703899,1.72001644202024,0.909286903505959
"KCH","3100059","Horsfieldia sp. 1","Myristicaceae",0.442588,1.55,59.8,36.6,"","KCH-3100059",TRUE,FALSE,TRUE,FALSE,FALSE,2.14995841808566,0.0271311996050214,0.0271311996050214,2.14995841808566,0.976139824598063
"KCH","2200814","Intsia palembanica","Fabaceae",0.658667,5.5,116.1,36.2,"","KCH-2200814",TRUE,FALSE,TRUE,FALSE,FALSE,1.93499969412504,0.0176465372844516,0.0176465372844516,1.93499969412504,0.952508641840667
"KCH","50090","Mangifera cf. lagenifera","Anacardiaceae",0.512897,1.84,47.2,27.4,"Plate 30","KCH-50090",TRUE,FALSE,TRUE,FALSE,FALSE,2.68990889545565,0.0502257201482923,0.0502257201482923,2.68990889545565,0.952365296049518
"KCH","500033","Mangifera sp. incert. 1","Anacardiaceae",0.512897,3.03,80.3,37.6,"","KCH-500033",TRUE,FALSE,TRUE,FALSE,FALSE,1.28998379243817,0.019707661384733,0.0135215469129433,0.859978242529442,0.955822892060931
"KCH","1800009","Mesua ferrea","Clusiaceae",0.92,1.9,40.9,18.2,"","KCH-1800009",TRUE,TRUE,TRUE,FALSE,FALSE,2.04640414665667,0.0198169537709644,0.0520055486349749,1.50500380198276,0.939573465300855
"KCH","3500118","Michelia champaca","Magnoliaceae",0.5275,5.3,129.1,45,"","KCH-3500118",TRUE,FALSE,TRUE,FALSE,FALSE,3.54973302090236,0.0251210891621562,0.00967650605352907,3.44000759845701,0.917458045570029
"KCH","3900314","Michelia champaca","Magnoliaceae",0.5275,3,110,43.8,"","KCH-3900314",NA,NA,NA,NA,NA,NA,NA,NA,NA,NA
"KCH","20122","Michelia champaca","Magnoliaceae",0.5275,5,76.4,36.2,"","KCH-20122",TRUE,FALSE,TRUE,FALSE,FALSE,3.01007465733536,0.0171431829642284,0.0200944760088089,2.79501968603414,0.964327156146551
"KCH","2500112","Michelia champaca","Magnoliaceae",0.5275,3.3,86.1,38.8,"Plate 1202","KCH-2500112",FALSE,FALSE,FALSE,TRUE,FALSE,0.644947036585075,0.0153520206767953,0.0260358329538743,0.429953435518408,0.99124570976893
"KCH","1601117","Microcos laurifolia","Malvaceae",0.36,1.85,25.2,14.6,"","KCH-1601117",TRUE,FALSE,TRUE,FALSE,FALSE,1.83405440707317,0.187259664933624,0.150350159161015,1.40959367436523,0.844970993116093
"KCH","3401068","Miliusa horsfieldii","Annonaceae",0.61,1.54,15.3,18.8,"","KCH-3401068",TRUE,FALSE,TRUE,FALSE,FALSE,1.07498546014493,0.140206273895505,0.140206273895505,1.07498546014493,0.956289071111335
"KCH","10243","Millettia atropurpurea","Fabaceae-papilionoideae",0.61,3.8,31.3,23.2,"","KCH-10243",TRUE,TRUE,TRUE,FALSE,FALSE,2.25914878668219,-0.0909485487074672,0.0518797082065664,0.215025817496372,0.957431251382611
"KCH","2501952","Millettia atropurpurea","Fabaceae-papilionoideae",0.61,5.8,84.7,25,"very acylindrical","KCH-2501952",NA,NA,NA,NA,NA,NA,NA,NA,NA,NA
"KCH","81235","Millettia atropurpurea","Fabaceae-papilionoideae",0.61,4.8,33.9,23.4,"","KCH-81235",FALSE,FALSE,TRUE,FALSE,FALSE,3.33395965104976,0.0215487669544351,0.0215487669544351,3.33395965104976,0.79651303232831
"KCH","81229","Millettia atropurpurea","Fabaceae-papilionoideae",0.61,2.25,25.5,17.2,"","KCH-81229",TRUE,FALSE,TRUE,FALSE,FALSE,3.33287623532774,0.0178770150462519,0.0178770150462519,3.33287623532774,0.949525507305672
"KCH","2101930","Neolamarckia cadamba","Rubiaceae",0.635113,2,43.2,26.2,"","KCH-2101930",TRUE,TRUE,TRUE,FALSE,FALSE,1.61060195929379,0.0126313647905652,0.0556574103360646,1.28996583740569,0.962985089408353
"KCH","2201948","Neolamarckia cadamba","Rubiaceae",0.635113,2,47.1,45.2,"","KCH-2201948",TRUE,FALSE,TRUE,FALSE,FALSE,3.22667375750356,0.0692639671407156,0.0692639671407156,3.22667375750356,0.58196898109929
"KCH","441975","Neolamarckia cadamba","Rubiaceae",0.635113,1.85,33.4,31.4,"","KCH-441975",TRUE,FALSE,TRUE,FALSE,FALSE,3.11664520836954,0.0812309740523667,0.0812309740523667,3.11664520836954,0.97410518852754
"KCH","2501915","Neolamarckia cadamba","Rubiaceae",0.635113,1.8,54.1,23.8,"","KCH-2501915",TRUE,FALSE,TRUE,FALSE,FALSE,3.11951364275,-0.0113634435378557,-0.0113634435378557,3.11951364275,0.963002284565046
"KCH","2101657","Nothaphoebe umbelliflora","Lauraceae",0.443333,3,66.7,25.4,"","KCH-2101657",TRUE,FALSE,TRUE,FALSE,FALSE,0.429931879451901,0.0627748320507848,0.0627748320507848,0.429931879451901,0.894798703585454
"KCH","2500480","Nothaphoebe umbelliflora","Lauraceae",0.443333,2.9,89.8,31.8,"","KCH-2500480",TRUE,FALSE,TRUE,FALSE,FALSE,1.9350587978263,0.0453819557363867,0.0453819557363867,1.9350587978263,0.928924047370093
"KCH","2900563","Nothaphoebe umbelliflora","Lauraceae",0.443333,2.1,73,33.4,"","KCH-2900563",TRUE,FALSE,TRUE,FALSE,FALSE,3.33468380918878,0.0217657024124292,0.0217657024124292,3.33468380918878,0.969091168010138
"KCH","2402119","Pajanelia longifolia","Bignoniaceae",0.28,1.52,29,15,"","KCH-2402119",TRUE,FALSE,TRUE,FALSE,FALSE,1.07497698467687,0.0580805743870961,0.0580805743870961,1.07497698467687,0.989785364569846
"KCH","1200956","Palaquium cf. gutta","Sapotaceae",0.579753,5.8,107.3,44,"","KCH-1200956",TRUE,FALSE,TRUE,FALSE,FALSE,2.36495749011706,0.0220702569223281,0.0220702569223281,2.36495749011706,0.909945495311853
"KCH","30320","Palaquium cf. gutta","Sapotaceae",0.579753,3.2,61.4,32.8,"no tag","KCH-30320",TRUE,FALSE,TRUE,FALSE,FALSE,1.28996072379474,0.0298826662034376,0.0298826662034376,1.28996072379474,0.941006700543628
"KCH","1301258","Palaquium sumatranum","Sapotaceae",0.52,2.6,40.1,25.6,"","KCH-1301258",TRUE,FALSE,TRUE,FALSE,FALSE,2.47330417991781,0.0130665152479196,0.0289229442606326,1.93496219506522,0.945349237614328
"KCH","1500001","Palaquium sumatranum","Sapotaceae",0.52,3.1,53.3,27.4,"","KCH-1500001",TRUE,TRUE,TRUE,FALSE,FALSE,1.07501188866787,0.0226338988396895,0.036851532430871,0.430037016477273,0.949405200493431
"KCH","3300543","Parashorea stellata","Dipterocarpaceae",0.63,3.9,115.5,48.8,"","KCH-3300543",TRUE,FALSE,TRUE,FALSE,FALSE,3.43997017632,0.0136700613760551,0.0136700613760551,3.43997017632,0.916912064200479
"KCH","551376","Parashorea stellata","Dipterocarpaceae",0.63,3.34,93.8,41.4,"","KCH-551376",TRUE,FALSE,TRUE,FALSE,FALSE,2.36509345741886,0.0163844603117275,0.0230052666928428,1.72010024621967,0.993887622057462
"KCH","2901538","Parashorea stellata","Dipterocarpaceae",0.63,4,168.3,41.2,"","KCH-2901538",TRUE,TRUE,TRUE,FALSE,FALSE,2.69047376986845,0.0302152169992396,0.0302152169992396,2.69047376986845,0.948457268878782
"KCH","3200925","Parashorea stellata","Dipterocarpaceae",0.63,1.69,42.6,39.6,"","KCH-3200925",TRUE,TRUE,TRUE,FALSE,FALSE,2.04264375513529,0.0301582548099499,0.0301582548099499,2.04264375513529,0.972345716032283
"KCH","3900705","Parashorea stellata","Dipterocarpaceae",0.63,3.2,144.1,56.6,"","KCH-3900705",FALSE,FALSE,FALSE,FALSE,TRUE,0.859952350435744,0.0501433884164952,0.0501433884164952,0.859952350435744,0.950308601560281
"KCH","530185","Parashorea stellata","Dipterocarpaceae",0.63,3.18,96,41.2,"","KCH-530185",TRUE,FALSE,TRUE,FALSE,FALSE,3.11938510167628,0.0232526987323887,0.0232526987323887,3.11938510167628,0.971224616255386
"KCH","2901427","Parashorea stellata","Dipterocarpaceae",0.63,5.1,128.9,55.2,"","KCH-2901427",TRUE,FALSE,TRUE,FALSE,FALSE,1.72000914604545,0.0237126949788596,0.0237126949788596,1.72000914604545,0.932285317607694
"KCH","3500748","Parashorea stellata","Dipterocarpaceae",0.63,4.6,119.2,41.4,"","KCH-3500748",TRUE,FALSE,TRUE,FALSE,FALSE,1.50502261566667,0.000210764528617936,0.000210764528617936,1.50502261566667,0.926156215311693
"KCH","490178","Parashorea stellata","Dipterocarpaceae",0.63,3.23,74.4,40.6,"","KCH-490178",TRUE,FALSE,TRUE,FALSE,FALSE,1.72000161175309,0.0328935763288034,0.0328935763288034,1.72000161175309,0.95692145176605
"KCH","4001643","Parashorea stellata","Dipterocarpaceae",0.63,1.79,40.3,27.8,"","KCH-4001643",FALSE,FALSE,FALSE,FALSE,TRUE,0.967739327168067,-0.00808630720389345,-0.00696022709739379,0.644995049742535,0.987931765399773
"KCH","3801065","Parashorea stellata","Dipterocarpaceae",0.63,3,95.9,43.4,"","KCH-3801065",TRUE,FALSE,TRUE,FALSE,FALSE,1.93499281051555,0.00183875375540358,0.00247692456265517,1.72005341385894,0.983516167349572
"KCH","2301015","Parashorea stellata","Dipterocarpaceae",0.63,5.5,166,58.6,"","KCH-2301015",NA,NA,NA,NA,NA,NA,NA,NA,NA,NA
"KCH","3000595","Payena lanceolata","Sapotaceae",0.67,6,51.5,23,"","KCH-3000595",NA,NA,NA,NA,NA,NA,NA,NA,NA,NA
"KCH","490875","Payena lanceolata","Sapotaceae",0.67,2.3,18.2,13.4,"","KCH-490875",TRUE,FALSE,TRUE,FALSE,FALSE,1.28993919285975,0.0193394145341549,-0.0051994217098006,1.07495997756944,0.932647229163559
"KCH","3401138","Payena lanceolata","Sapotaceae",0.67,4.5,62.4,34.8,"","KCH-3401138",FALSE,FALSE,FALSE,TRUE,FALSE,0.860014312357143,0.224368110775637,0.117400205598672,0,0.944167047311393
"KCH","3900419","Payena lanceolata","Sapotaceae",0.67,2.5,50.7,29.4,"","KCH-3900419",TRUE,FALSE,TRUE,FALSE,FALSE,1.18469580199233,0.0171669402170125,0.0171669402170125,1.18469580199233,0.930099528870798
"KCH","451491","Payena lanceolata","Sapotaceae",0.67,3.9,44.8,25.8,"","KCH-451491",NA,NA,NA,NA,NA,NA,NA,NA,NA,NA
"KCH","3202273","Pometia pinnata","Sapindaceae",0.633,1.59,48.5,27.4,"","KCH-3202273",TRUE,FALSE,TRUE,FALSE,FALSE,2.1528362865335,0.0853231114189611,0.0853231114189611,2.1528362865335,0.916859900862838
"KCH","80173","Ptychopyxis sp. 1","Euphorbiaceae",0.565,3.8,61.4,21.4,"Plate 40","KCH-80173",TRUE,FALSE,TRUE,FALSE,FALSE,3.01007483251462,0.0140299250371917,0.0140299250371917,3.01007483251462,0.927732220563894
"KCH","1500255","Reinwardtiodendron humile","Meliaceae",0.81,2.4,38.8,25.2,"no tag","KCH-1500255",TRUE,FALSE,TRUE,FALSE,FALSE,1.3999926048556,0.0910048620657131,0.0755110481173004,0.752729369436735,0.949266249824941
"KCH","3902224","Ryparosa javanica","Achariaceae",0.45,5.8,63.4,25.2,"","KCH-3902224",NA,NA,NA,NA,NA,NA,NA,NA,NA,NA
"KCH","471385","Shorea gratissima","Dipterocarpaceae",0.64,3.05,126.4,41.6,"","KCH-471385",TRUE,FALSE,TRUE,FALSE,FALSE,3.54861798139706,0.00919456597799218,0.012030951078112,3.22502134765217,0.968297770234313
"KCH","411287","Shorea gratissima","Dipterocarpaceae",0.64,3.11,95,45.8,"","KCH-411287",FALSE,FALSE,FALSE,TRUE,FALSE,0.645012324907563,0.0387531098681898,0.0639835498705614,0.430009995610599,0.962156371946888
"KCH","2001253","Shorea gratissima","Dipterocarpaceae",0.64,2.8,117,49.2,"","KCH-2001253",TRUE,FALSE,TRUE,FALSE,FALSE,3.33437226903496,0.0149041846340356,0.0149041846340356,3.33437226903496,0.976680847638481
"KCH","500751","Shorea gratissima","Dipterocarpaceae",0.64,3.36,106.5,35.6,"","KCH-500751",TRUE,FALSE,TRUE,FALSE,FALSE,3.33645809976091,0.0224874999920129,0.023499608223107,3.11774578502652,0.954507856720073
"KCH","60204","Shorea gratissima","Dipterocarpaceae",0.64,3.15,110.4,39.8,"Plate 37","KCH-60204",FALSE,FALSE,FALSE,FALSE,TRUE,0.860013237768946,0.0300941484279072,0.0300941484279072,0.860013237768946,0.967572458982415
"KCH","590810","Shorea gratissima","Dipterocarpaceae",0.64,1.8,88,46.4,"","KCH-590810",TRUE,TRUE,TRUE,FALSE,FALSE,2.90356409519464,0.0222634205777761,0.0222634205777761,2.90356409519464,0.971101466691407
"KCH","561343","Shorea gratissima","Dipterocarpaceae",0.64,2.71,61.9,49,"together with 561342","KCH-561343",FALSE,FALSE,FALSE,TRUE,FALSE,0.64494723529304,0.000559862418513134,0.0045943546445426,0.429974864384615,0.952526789588253
"KCH","2500567","Syzygium attenuatum","Myrtaceae",0.649229,4.8,57.8,31.4,"Plate 215","KCH-2500567",NA,NA,NA,NA,NA,NA,NA,NA,NA,NA
"KCH","431352","Syzygium cf. oblatum","Myrtaceae",0.649229,5.15,30.4,22.4,"","KCH-431352",TRUE,FALSE,TRUE,FALSE,FALSE,1.50504398598746,0.00679286395586109,0.0366288363700979,0.215064947914438,0.837219679516227
"KCH","471427","Syzygium sp. 22 Ardisia small leaf","Myrtaceae",0.649229,1.83,54.3,27,"","KCH-471427",TRUE,FALSE,TRUE,FALSE,FALSE,3.11825214856787,0.0552968866716582,0.0552968866716582,3.11825214856787,0.961065304986205
"KCH","81259","Terminalia billirica","Combretaceae",0.554754,4.4,53.3,34.6,"Plate 592","KCH-81259",FALSE,FALSE,TRUE,FALSE,FALSE,3.54945623389037,0.0540658202819488,0.0540658202819488,3.54945623389037,0.366559192899134
"KCH","490757","Toona sureni","Meliaceae",0.375333,2.8,100.1,34.4,"","KCH-490757",TRUE,FALSE,TRUE,FALSE,FALSE,2.26042990784317,0.0639501559447302,0.0639501559447302,2.26042990784317,0.948271027126053
"KCH","40730","Vitex pinnata","Lamiaceae",0.550393,3.9,23.8,22.2,"","KCH-40730",FALSE,FALSE,FALSE,FALSE,TRUE,1.71995056612772,0.0518061271029192,0.0274632151718805,0.644931965302326,0.93998657648684
"KCH","450573","Xerospermum noronhianum","Sapindaceae",0.77,3.51,28.5,19.4,"","KCH-450573",TRUE,FALSE,FALSE,FALSE,FALSE,0.21495380795283,0.0786077644156985,0.0786077644156985,0.21495380795283,0.976361289189267
"KCH","1900196","Xerospermum noronhianum","Sapindaceae",0.77,2.3,40.1,15.8,"no tag","KCH-1900196",TRUE,FALSE,TRUE,FALSE,FALSE,1.93498181443594,0.0213760795166076,0.0213760795166076,1.93498181443594,0.93511110040849
